{"type":"FeatureCollection", "features": [
{"type":"Feature","geometry":{"type":"MultiPolygon","coordinates":[[[[119.96433,25.94638],[119.96093,25.94239],[119.96159,25.94103],[119.96467,25.94382],[119.96433,25.94638]]],[[[119.98485,25.97059],[119.98199,25.96902],[119.98304,25.96721],[119.98001,25.96641],[119.97739,25.96849],[119.97459,25.96845],[119.97155,25.96707],[119.97157,25.96447],[119.96959,25.9605],[119.96819,25.95924],[119.96512,25.95838],[119.96292,25.95149],[119.96128,25.95014],[119.96302,25.94869],[119.96494,25.94921],[119.96554,25.9511],[119.96743,25.95126],[119.97131,25.95581],[119.97298,25.95372],[119.97525,25.95525],[119.97924,25.95667],[119.97834,25.95897],[119.98494,25.9625],[119.98455,25.96418],[119.9882,25.9675],[119.98871,25.96874],[119.98485,25.97059]]],[[[119.97579,25.97592],[119.97441,25.97469],[119.9744,25.97051],[119.97729,25.9742],[119.97579,25.97592]]],[[[119.94459,25.9821],[119.93725,25.98174],[119.93255,25.98022],[119.93166,25.98161],[119.92691,25.98165],[119.92424,25.9793],[119.92564,25.97668],[119.92886,25.97254],[119.93321,25.97014],[119.93155,25.9677],[119.93394,25.96748],[119.93718,25.97025],[119.93731,25.97216],[119.93969,25.97399],[119.94193,25.97292],[119.94772,25.97816],[119.94847,25.98111],[119.94459,25.9821]]],[[[120.40324,26.15904],[120.40294,26.15645],[120.4065,26.15632],[120.40324,26.15904]]],[[[119.97284,26.16842],[119.97073,26.16722],[119.97011,26.16332],[119.97126,26.16215],[119.97355,26.16545],[119.97284,26.16842]]],[[[119.91703,26.17517],[119.91521,26.16972],[119.91703,26.16781],[119.91908,26.1675],[119.91733,26.16388],[119.91489,26.16264],[119.91526,26.16011],[119.91767,26.15789],[119.9142,26.15488],[119.91462,26.15273],[119.91075,26.14974],[119.90891,26.14534],[119.91014,26.14414],[119.91304,26.14526],[119.9132,26.14336],[119.91479,26.14192],[119.91745,26.14149],[119.92366,26.14191],[119.92333,26.13821],[119.92582,26.13841],[119.92892,26.1417],[119.93162,26.14362],[119.93361,26.14397],[119.93444,26.14569],[119.93695,26.14599],[119.93803,26.14289],[119.94199,26.14325],[119.94395,26.14567],[119.94599,26.14671],[119.94693,26.14879],[119.94877,26.14855],[119.94844,26.15207],[119.94997,26.15354],[119.95235,26.15338],[119.955,26.15062],[119.95715,26.15297],[119.95916,26.15699],[119.96195,26.15823],[119.96298,26.16387],[119.96515,26.16658],[119.95933,26.16812],[119.95321,26.16718],[119.94903,26.16747],[119.94433,26.16497],[119.93963,26.16584],[119.94012,26.16214],[119.94187,26.1589],[119.939,26.15617],[119.93571,26.15448],[119.93576,26.15851],[119.93115,26.15814],[119.92998,26.16024],[119.9246,26.16123],[119.92364,26.16378],[119.92772,26.16964],[119.92756,26.17197],[119.92178,26.17194],[119.92047,26.1743],[119.91703,26.17517]]],[[[119.99642,26.23808],[119.99305,26.23608],[119.99325,26.23397],[119.98954,26.23159],[119.98325,26.22498],[119.9802,26.22504],[119.97865,26.22599],[119.97125,26.22081],[119.96746,26.22127],[119.96886,26.21856],[119.9686,26.2154],[119.97088,26.21197],[119.96827,26.20928],[119.96563,26.20481],[119.96667,26.20355],[119.96598,26.19927],[119.96673,26.19817],[119.96645,26.19404],[119.97089,26.19524],[119.97319,26.19453],[119.97354,26.19231],[119.97599,26.19323],[119.97555,26.19482],[119.97338,26.19579],[119.97346,26.19783],[119.97148,26.19949],[119.9729,26.20145],[119.97263,26.20617],[119.97181,26.20785],[119.97255,26.21186],[119.97585,26.2152],[119.98267,26.2173],[119.98384,26.21865],[119.98758,26.21863],[119.98961,26.21712],[119.99064,26.21462],[119.99307,26.21863],[119.99635,26.21794],[119.99778,26.21966],[119.99835,26.22262],[120.00065,26.22182],[120.00335,26.22292],[120.00667,26.22249],[120.00754,26.21941],[120.00923,26.21851],[120.00964,26.21476],[120.01157,26.21432],[120.01158,26.2173],[120.00981,26.21967],[120.01051,26.22096],[120.01448,26.22349],[120.01325,26.22452],[120.0154,26.22684],[120.0141,26.22846],[120.00931,26.22801],[120.00656,26.2265],[120.00555,26.22325],[120.00335,26.22388],[120.00653,26.22931],[120.00537,26.22999],[120.00638,26.23397],[120.00474,26.23462],[120.00141,26.2339],[120.00006,26.23799],[119.99642,26.23808]]],[[[120.0045,26.25066],[120.00085,26.24848],[119.99819,26.24946],[119.99619,26.24577],[119.99539,26.24265],[119.99762,26.24199],[120.00052,26.24471],[120.00329,26.24521],[120.00504,26.24708],[120.00619,26.25091],[120.0045,26.25066]]],[[[120.0099,26.25515],[120.00857,26.25396],[120.009,26.25179],[120.01285,26.25274],[120.01183,26.25453],[120.0099,26.25515]]],[[[119.98962,26.28187],[119.98882,26.2837],[119.98618,26.28234],[119.98682,26.28061],[119.9831,26.27912],[119.98445,26.27582],[119.98341,26.2738],[119.98094,26.27326],[119.97884,26.26968],[119.98071,26.26711],[119.98272,26.26632],[119.98589,26.26653],[119.98933,26.26859],[119.98874,26.27105],[119.99045,26.27407],[119.99223,26.27495],[119.98855,26.27878],[119.98962,26.28187]]],[[[120.22893,26.34501],[120.22941,26.34717],[120.22421,26.34432],[120.22208,26.34125],[120.21812,26.3376],[120.21999,26.33609],[120.22893,26.34501]]],[[[120.4796,26.383],[120.4768,26.38347],[120.47378,26.38277],[120.47475,26.37977],[120.46922,26.37692],[120.47055,26.37477],[120.46926,26.37246],[120.47167,26.37227],[120.47389,26.37601],[120.47719,26.37758],[120.47669,26.37495],[120.4777,26.37371],[120.47728,26.36913],[120.47812,26.36784],[120.48103,26.37079],[120.48536,26.36892],[120.48541,26.36547],[120.48379,26.3635],[120.48322,26.36056],[120.48155,26.35898],[120.48402,26.35718],[120.48574,26.35948],[120.48774,26.35963],[120.48852,26.35738],[120.49242,26.35924],[120.49463,26.35812],[120.49609,26.36106],[120.49854,26.36184],[120.50103,26.366],[120.50084,26.36748],[120.50299,26.36869],[120.505,26.36556],[120.51132,26.36525],[120.51021,26.36836],[120.50691,26.37276],[120.50319,26.37113],[120.49917,26.37406],[120.50049,26.37664],[120.49964,26.37844],[120.49589,26.37863],[120.49345,26.377],[120.49222,26.37457],[120.4923,26.37097],[120.48616,26.36998],[120.48152,26.37123],[120.48194,26.37427],[120.48346,26.37718],[120.48228,26.38072],[120.48029,26.38098],[120.4796,26.383]]]]},"properties":{"COUNTYNAME":"連江縣","COUNTYENG":"Lienchiang County","COUNTYCODE":"09007"}},
{"type":"Feature","geometry":{"type":"MultiPolygon","coordinates":[[[[121.95972,24.84493],[121.95984,24.84696],[121.9581,24.84945],[121.95618,24.85065],[121.94948,24.85177],[121.94754,24.85125],[121.94334,24.84461],[121.94174,24.84429],[121.93606,24.847],[121.93426,24.84556],[121.93831,24.84235],[121.94023,24.83856],[121.94359,24.83635],[121.94802,24.83533],[121.9527,24.83647],[121.95707,24.83682],[121.96148,24.83528],[121.96294,24.83593],[121.9651,24.83899],[121.96033,24.843],[121.95972,24.84493]]],[[[121.96604,24.98308],[121.96282,24.98776],[121.95978,24.98837],[121.95815,24.9873],[121.95551,24.9883],[121.95039,24.98832],[121.9479,24.98666],[121.94393,24.98794],[121.94056,24.98453],[121.93755,24.98306],[121.93445,24.98314],[121.9335,24.9809],[121.93062,24.98103],[121.92856,24.97968],[121.9243,24.97937],[121.9223,24.9786],[121.91625,24.97947],[121.91248,24.97829],[121.91006,24.97476],[121.90684,24.97558],[121.90542,24.97342],[121.90283,24.97438],[121.90034,24.9718],[121.89943,24.96934],[121.8972,24.96707],[121.88945,24.96469],[121.88851,24.96318],[121.88473,24.96439],[121.88231,24.96413],[121.87623,24.96155],[121.87155,24.96072],[121.86516,24.96223],[121.86123,24.96366],[121.85881,24.9634],[121.85416,24.96127],[121.85257,24.95961],[121.85036,24.96118],[121.84718,24.96036],[121.84509,24.95767],[121.84348,24.9569],[121.84139,24.95416],[121.84177,24.95135],[121.84068,24.94787],[121.83924,24.94634],[121.83985,24.9422],[121.84244,24.93936],[121.84663,24.93784],[121.84915,24.93033],[121.85384,24.92791],[121.85398,24.92592],[121.85212,24.92374],[121.8456,24.91937],[121.84333,24.9154],[121.83955,24.91266],[121.83803,24.91006],[121.83182,24.90491],[121.82794,24.90533],[121.82239,24.90455],[121.81828,24.90272],[121.81169,24.90652],[121.8105,24.90366],[121.80621,24.90257],[121.80453,24.90117],[121.79628,24.90103],[121.79534,24.89985],[121.79251,24.9],[121.79209,24.89755],[121.79302,24.89624],[121.79001,24.89345],[121.78565,24.89231],[121.78541,24.8905],[121.78167,24.88939],[121.78223,24.88736],[121.7819,24.88242],[121.78224,24.87918],[121.78422,24.87766],[121.78493,24.87562],[121.7773,24.86972],[121.77519,24.86661],[121.77548,24.86512],[121.77115,24.86487],[121.76917,24.86592],[121.7654,24.86101],[121.76355,24.8599],[121.76099,24.8567],[121.75412,24.85626],[121.75291,24.85486],[121.74784,24.85491],[121.74578,24.85285],[121.74199,24.85246],[121.73825,24.8553],[121.73263,24.85582],[121.73051,24.85529],[121.72716,24.85314],[121.72483,24.85064],[121.72192,24.84985],[121.71865,24.84565],[121.71559,24.84435],[121.71427,24.84178],[121.70898,24.84058],[121.70326,24.8352],[121.70173,24.83435],[121.69909,24.83553],[121.69671,24.83373],[121.6964,24.83045],[121.69317,24.82791],[121.68891,24.8262],[121.68768,24.82434],[121.69011,24.82141],[121.68895,24.81933],[121.68933,24.81733],[121.68766,24.81607],[121.68627,24.81749],[121.68307,24.81691],[121.68076,24.81751],[121.67676,24.81412],[121.67393,24.81424],[121.671,24.81686],[121.66878,24.81693],[121.66021,24.81111],[121.65434,24.81115],[121.64748,24.81388],[121.64574,24.8097],[121.6388,24.81073],[121.63723,24.80944],[121.63006,24.80894],[121.62805,24.808],[121.62643,24.80577],[121.62612,24.80335],[121.62482,24.80161],[121.62602,24.7965],[121.6253,24.79496],[121.62044,24.79255],[121.61718,24.79383],[121.61334,24.7932],[121.60964,24.79377],[121.60564,24.78913],[121.60293,24.78944],[121.59899,24.78773],[121.59195,24.7875],[121.59344,24.78465],[121.5932,24.78259],[121.59447,24.77881],[121.59757,24.77255],[121.59557,24.76897],[121.59582,24.76648],[121.59344,24.76482],[121.59049,24.76074],[121.59082,24.75878],[121.58897,24.75515],[121.58996,24.75189],[121.59226,24.75031],[121.59459,24.75019],[121.59614,24.74823],[121.59438,24.74626],[121.59167,24.74492],[121.59192,24.74332],[121.59482,24.74095],[121.59536,24.73912],[121.59422,24.73467],[121.59501,24.73248],[121.59408,24.72926],[121.59784,24.72928],[121.59755,24.72767],[121.59043,24.72345],[121.58769,24.72033],[121.58347,24.72056],[121.57965,24.72232],[121.57782,24.72178],[121.57728,24.71487],[121.57481,24.71011],[121.57239,24.71041],[121.57046,24.71396],[121.56749,24.71151],[121.56326,24.71279],[121.55824,24.71093],[121.55638,24.71122],[121.55443,24.70837],[121.55031,24.70567],[121.54755,24.70627],[121.5434,24.70574],[121.54084,24.70231],[121.53785,24.69972],[121.53884,24.69459],[121.53751,24.69381],[121.5376,24.69011],[121.53687,24.68849],[121.53331,24.68842],[121.52913,24.68762],[121.52714,24.68852],[121.52699,24.68539],[121.5238,24.6833],[121.51481,24.68324],[121.51221,24.68448],[121.50747,24.68244],[121.50553,24.6799],[121.49918,24.67802],[121.49684,24.67552],[121.49273,24.67319],[121.48686,24.67517],[121.48501,24.67388],[121.48,24.67385],[121.47238,24.67315],[121.46971,24.67195],[121.46114,24.67271],[121.4595,24.67316],[121.45503,24.66786],[121.45391,24.6644],[121.44959,24.66222],[121.44775,24.65837],[121.44793,24.65511],[121.45138,24.65106],[121.44837,24.64567],[121.44499,24.64295],[121.44559,24.63989],[121.44502,24.6373],[121.44055,24.6351],[121.43576,24.62667],[121.43484,24.62446],[121.43569,24.62155],[121.43362,24.61891],[121.43225,24.61528],[121.43062,24.61451],[121.42781,24.60609],[121.42457,24.60311],[121.41829,24.60103],[121.41529,24.60196],[121.41278,24.60365],[121.41185,24.60048],[121.40819,24.59807],[121.40305,24.59171],[121.40456,24.58775],[121.40921,24.5812],[121.41215,24.57455],[121.41216,24.5731],[121.40906,24.57162],[121.40735,24.56987],[121.40393,24.56897],[121.40169,24.56554],[121.40113,24.56186],[121.39765,24.55967],[121.39468,24.55557],[121.39556,24.5528],[121.39876,24.5482],[121.39675,24.53982],[121.3983,24.5367],[121.39917,24.53215],[121.40163,24.52924],[121.39781,24.52491],[121.39187,24.52411],[121.39052,24.52293],[121.38957,24.51992],[121.38782,24.51725],[121.38512,24.51682],[121.38556,24.51457],[121.38373,24.51035],[121.37929,24.50953],[121.37335,24.5099],[121.37253,24.50221],[121.37067,24.49787],[121.36504,24.49585],[121.36282,24.49337],[121.3617,24.49055],[121.35775,24.48661],[121.35278,24.48549],[121.35003,24.48427],[121.34567,24.48433],[121.34242,24.48171],[121.34164,24.47802],[121.34007,24.47485],[121.33595,24.47235],[121.336,24.46737],[121.32986,24.46426],[121.32958,24.46265],[121.32611,24.46004],[121.3238,24.45672],[121.32198,24.45154],[121.32021,24.44801],[121.31956,24.44504],[121.31767,24.44149],[121.32059,24.44105],[121.32279,24.43941],[121.32561,24.43593],[121.32807,24.43391],[121.32767,24.43043],[121.32871,24.42728],[121.32741,24.42155],[121.32778,24.41848],[121.32744,24.41302],[121.32635,24.4092],[121.325,24.40691],[121.32598,24.40365],[121.32598,24.40104],[121.32801,24.39828],[121.33234,24.39794],[121.3336,24.395],[121.33698,24.3924],[121.33848,24.39005],[121.34242,24.39264],[121.34416,24.39302],[121.35023,24.39284],[121.35256,24.39229],[121.35532,24.39315],[121.35939,24.39045],[121.36489,24.38907],[121.36876,24.38491],[121.36973,24.38275],[121.36715,24.37921],[121.36931,24.37428],[121.36929,24.37246],[121.37358,24.36816],[121.37739,24.36837],[121.38113,24.36687],[121.38791,24.37001],[121.3892,24.37415],[121.39037,24.37534],[121.39325,24.37531],[121.39581,24.37801],[121.39812,24.37776],[121.4006,24.37958],[121.40413,24.37782],[121.40791,24.37755],[121.41277,24.37974],[121.41963,24.3792],[121.42335,24.3814],[121.42574,24.38148],[121.42937,24.38306],[121.43779,24.38288],[121.4408,24.37781],[121.44289,24.37315],[121.44798,24.37483],[121.44826,24.37257],[121.45201,24.36468],[121.45429,24.36364],[121.46129,24.35788],[121.46498,24.35556],[121.47319,24.35261],[121.47526,24.35126],[121.47887,24.35188],[121.48253,24.34867],[121.48548,24.34837],[121.48744,24.34606],[121.49076,24.34407],[121.49224,24.34209],[121.49812,24.33923],[121.50438,24.34293],[121.5081,24.34312],[121.5101,24.3411],[121.51369,24.34082],[121.51552,24.34181],[121.51849,24.34115],[121.52216,24.34302],[121.52564,24.34205],[121.52775,24.33915],[121.53089,24.33861],[121.53327,24.33706],[121.53545,24.33738],[121.54054,24.33591],[121.54473,24.33782],[121.54862,24.33623],[121.55075,24.33419],[121.55608,24.33115],[121.55774,24.326],[121.56009,24.32264],[121.56333,24.32223],[121.56637,24.31918],[121.56961,24.31794],[121.57585,24.31967],[121.57854,24.31814],[121.58236,24.3178],[121.58752,24.31606],[121.58923,24.314],[121.59376,24.31641],[121.59719,24.31629],[121.60119,24.31469],[121.6051,24.31065],[121.60702,24.31264],[121.60515,24.31541],[121.60464,24.31827],[121.6011,24.32058],[121.60138,24.32298],[121.59657,24.32814],[121.5958,24.33169],[121.59676,24.33326],[121.59945,24.33337],[121.60048,24.33113],[121.60306,24.32931],[121.60646,24.33006],[121.60654,24.33273],[121.60758,24.33522],[121.61131,24.33602],[121.61316,24.33555],[121.61573,24.33322],[121.61841,24.33436],[121.61827,24.33628],[121.61649,24.33691],[121.61658,24.34068],[121.61803,24.34464],[121.62029,24.34533],[121.6229,24.33944],[121.62748,24.34112],[121.62806,24.33861],[121.62669,24.33563],[121.62936,24.33347],[121.63297,24.33496],[121.63298,24.3399],[121.6315,24.34427],[121.63467,24.34449],[121.63593,24.34611],[121.63512,24.34836],[121.63223,24.34922],[121.63094,24.34835],[121.62742,24.34945],[121.6269,24.35412],[121.62175,24.35717],[121.62152,24.35991],[121.62339,24.36161],[121.62076,24.36255],[121.62171,24.36663],[121.62668,24.36936],[121.63095,24.37055],[121.63167,24.36922],[121.63092,24.36611],[121.63478,24.36653],[121.63503,24.36372],[121.63728,24.36314],[121.6403,24.35955],[121.64063,24.35699],[121.64228,24.35609],[121.64386,24.35351],[121.6466,24.35191],[121.64891,24.3494],[121.65072,24.35093],[121.65003,24.35487],[121.64798,24.35669],[121.64819,24.35836],[121.65068,24.35985],[121.65383,24.35536],[121.65332,24.35256],[121.65745,24.35293],[121.66021,24.35117],[121.6613,24.35291],[121.66324,24.35279],[121.6639,24.34917],[121.66648,24.34752],[121.66868,24.34349],[121.6701,24.34282],[121.67398,24.3434],[121.67354,24.33983],[121.67594,24.33746],[121.67835,24.33805],[121.68401,24.34077],[121.68682,24.33916],[121.68728,24.33488],[121.6895,24.33358],[121.69361,24.33485],[121.69732,24.33426],[121.70266,24.33088],[121.70646,24.32908],[121.71435,24.32672],[121.72346,24.32548],[121.72779,24.32599],[121.73518,24.32307],[121.74006,24.32356],[121.74474,24.32285],[121.74806,24.32104],[121.75524,24.31627],[121.75911,24.3142],[121.77014,24.31312],[121.77272,24.31363],[121.77407,24.31527],[121.77396,24.31961],[121.77287,24.32485],[121.77141,24.32893],[121.77089,24.33259],[121.77164,24.33756],[121.77358,24.34371],[121.77799,24.35233],[121.77931,24.35726],[121.78227,24.36161],[121.78372,24.36651],[121.78703,24.3725],[121.78854,24.38805],[121.7885,24.39242],[121.78902,24.39748],[121.79033,24.40279],[121.79115,24.40823],[121.79394,24.41629],[121.79867,24.42796],[121.80186,24.43434],[121.8034,24.43616],[121.80784,24.43974],[121.81084,24.44145],[121.81717,24.45021],[121.82185,24.45586],[121.82006,24.45851],[121.82038,24.46142],[121.82467,24.46461],[121.83334,24.46795],[121.84123,24.47558],[121.84392,24.47686],[121.84612,24.47693],[121.84859,24.479],[121.85545,24.48059],[121.85969,24.47856],[121.86242,24.4812],[121.86023,24.48364],[121.85254,24.48365],[121.85073,24.48489],[121.84976,24.49264],[121.8505,24.49467],[121.84502,24.49726],[121.84024,24.49803],[121.83858,24.50076],[121.83824,24.50654],[121.83892,24.51231],[121.83993,24.51653],[121.84191,24.52025],[121.84497,24.52168],[121.84965,24.52206],[121.85626,24.52394],[121.86093,24.52717],[121.86857,24.52765],[121.87013,24.53001],[121.87257,24.5311],[121.87371,24.53463],[121.87241,24.53911],[121.87233,24.54162],[121.87411,24.54538],[121.87289,24.54716],[121.87127,24.55304],[121.87077,24.55806],[121.8712,24.56328],[121.87027,24.56914],[121.86922,24.57127],[121.86983,24.57608],[121.87208,24.57818],[121.87521,24.57757],[121.87694,24.58095],[121.87527,24.58139],[121.8737,24.58453],[121.87542,24.58594],[121.87924,24.59104],[121.87346,24.59661],[121.87923,24.59912],[121.88172,24.59866],[121.885,24.59961],[121.88087,24.60556],[121.87808,24.60514],[121.87514,24.6057],[121.8734,24.60873],[121.86847,24.60892],[121.86613,24.60992],[121.85877,24.6167],[121.85542,24.62189],[121.85213,24.628],[121.84506,24.64491],[121.84152,24.65623],[121.83914,24.66648],[121.83819,24.67289],[121.83846,24.68168],[121.83792,24.68657],[121.8374,24.69829],[121.83681,24.69831],[121.83631,24.70823],[121.8366,24.7107],[121.83925,24.71472],[121.83914,24.71741],[121.83502,24.71852],[121.83278,24.71989],[121.8289,24.72671],[121.82588,24.733],[121.82351,24.73929],[121.82099,24.74769],[121.81911,24.75879],[121.81842,24.76492],[121.818,24.77814],[121.81844,24.78994],[121.81969,24.80322],[121.82162,24.81548],[121.82431,24.82887],[121.82742,24.83966],[121.82924,24.8468],[121.83062,24.85045],[121.84269,24.87616],[121.84832,24.88453],[121.85084,24.88646],[121.85136,24.89011],[121.85404,24.89173],[121.86047,24.89446],[121.86394,24.89835],[121.86595,24.902],[121.87201,24.90503],[121.8793,24.9131],[121.88236,24.91486],[121.88537,24.91889],[121.88543,24.92324],[121.88694,24.92504],[121.88756,24.92772],[121.88688,24.92916],[121.88789,24.93509],[121.88939,24.9372],[121.89493,24.94065],[121.89825,24.94083],[121.90109,24.93995],[121.90427,24.94143],[121.90413,24.94365],[121.90536,24.9466],[121.91136,24.95073],[121.91627,24.95186],[121.92057,24.95576],[121.91998,24.95844],[121.92183,24.96086],[121.92239,24.96321],[121.92559,24.96856],[121.92813,24.96944],[121.93152,24.97179],[121.93623,24.97385],[121.93855,24.97322],[121.94165,24.97373],[121.94427,24.97683],[121.9487,24.97887],[121.95451,24.98],[121.95831,24.98262],[121.96224,24.98175],[121.96604,24.98308]]],[[[123.5502,25.72581],[123.54617,25.7251],[123.5455,25.72265],[123.55091,25.72085],[123.55567,25.72086],[123.55378,25.72438],[123.5502,25.72581]]],[[[123.54135,25.73438],[123.53836,25.73202],[123.54223,25.72546],[123.54456,25.72607],[123.54554,25.72903],[123.54364,25.72958],[123.54135,25.73438]]],[[[123.4767,25.75181],[123.47019,25.75034],[123.46518,25.74803],[123.45981,25.74419],[123.45781,25.74047],[123.45829,25.73784],[123.45973,25.73554],[123.46448,25.73492],[123.46569,25.73599],[123.47015,25.73714],[123.47371,25.73869],[123.47705,25.74121],[123.48309,25.74028],[123.48497,25.74092],[123.48861,25.7402],[123.4938,25.74209],[123.49368,25.74431],[123.49138,25.74667],[123.48697,25.74966],[123.48019,25.75029],[123.4767,25.75181]]],[[[123.68245,25.92888],[123.67985,25.92854],[123.67608,25.92364],[123.67926,25.91987],[123.68137,25.91932],[123.68587,25.91971],[123.68861,25.92254],[123.68667,25.92516],[123.68245,25.92888]]]]},"properties":{"COUNTYNAME":"宜蘭縣","COUNTYENG":"Yilan County","COUNTYCODE":"10002"}},
{"type":"Feature","geometry":{"type":"Polygon","coordinates":[[[120.45656,24.20718],[120.45351,24.20364],[120.45317,24.20204],[120.45066,24.19788],[120.44711,24.19432],[120.44396,24.18894],[120.44235,24.18849],[120.43916,24.18573],[120.43271,24.18665],[120.42974,24.18451],[120.42471,24.1833],[120.42439,24.18186],[120.42616,24.17969],[120.42337,24.17613],[120.42117,24.17563],[120.41833,24.17367],[120.41608,24.16953],[120.41603,24.16604],[120.41525,24.164],[120.415,24.15756],[120.41045,24.15674],[120.40821,24.1543],[120.41173,24.15331],[120.41279,24.15223],[120.41024,24.1476],[120.40901,24.14266],[120.40712,24.13956],[120.40186,24.13829],[120.39999,24.13529],[120.39998,24.13173],[120.40119,24.12993],[120.39929,24.12478],[120.39726,24.12109],[120.39683,24.11749],[120.38531,24.102],[120.38182,24.09685],[120.38635,24.09704],[120.38582,24.09287],[120.38492,24.0919],[120.38417,24.08767],[120.37727,24.08377],[120.37083,24.08169],[120.36558,24.08149],[120.36337,24.08085],[120.36117,24.07629],[120.35919,24.07428],[120.35485,24.07251],[120.35019,24.07139],[120.34657,24.06853],[120.34526,24.06678],[120.34209,24.06013],[120.33957,24.05937],[120.34241,24.05472],[120.34142,24.03962],[120.34037,24.03511],[120.3378,24.03129],[120.33607,24.01789],[120.33414,24.01394],[120.32994,24.01147],[120.32237,24.00535],[120.31767,24.00093],[120.31646,23.99923],[120.31187,23.98977],[120.30874,23.9871],[120.30829,23.98345],[120.30838,23.97526],[120.30692,23.97222],[120.29463,23.96321],[120.29026,23.95822],[120.28615,23.95711],[120.28402,23.95578],[120.28163,23.95246],[120.28033,23.9484],[120.28162,23.94345],[120.27955,23.93489],[120.27881,23.93359],[120.27547,23.93207],[120.26914,23.93059],[120.26719,23.92818],[120.26518,23.92374],[120.26105,23.91973],[120.26089,23.91504],[120.25872,23.9111],[120.25624,23.90789],[120.25562,23.90337],[120.25774,23.89933],[120.25523,23.89419],[120.25222,23.89167],[120.24715,23.88844],[120.24065,23.8879],[120.23533,23.88526],[120.23074,23.88058],[120.22688,23.8778],[120.2262,23.87414],[120.2243,23.8703],[120.22036,23.86622],[120.22748,23.85727],[120.23596,23.84815],[120.24377,23.84135],[120.24919,23.8375],[120.25502,23.83425],[120.27727,23.82829],[120.30813,23.8203],[120.3164,23.82006],[120.33314,23.82229],[120.3524,23.82232],[120.36011,23.82326],[120.37032,23.82856],[120.38281,23.82854],[120.41034,23.82638],[120.41844,23.82701],[120.42496,23.83017],[120.43311,23.83015],[120.43953,23.82687],[120.44403,23.82215],[120.44725,23.82076],[120.45197,23.81728],[120.45812,23.81612],[120.47526,23.80903],[120.48317,23.80657],[120.49841,23.80361],[120.50751,23.80074],[120.51105,23.80009],[120.52135,23.79977],[120.52911,23.79919],[120.53491,23.80124],[120.54061,23.80102],[120.54592,23.80148],[120.55075,23.80117],[120.55818,23.79943],[120.56029,23.79815],[120.57329,23.79636],[120.58269,23.79376],[120.5867,23.79199],[120.59259,23.79107],[120.61252,23.79115],[120.615,23.79136],[120.62469,23.79007],[120.63024,23.78979],[120.63313,23.78889],[120.63502,23.78677],[120.64037,23.78605],[120.64254,23.78574],[120.65814,23.79104],[120.66238,23.79172],[120.66664,23.79357],[120.66966,23.79612],[120.67511,23.7998],[120.6799,23.80162],[120.6839,23.80135],[120.68341,23.80542],[120.67898,23.80594],[120.67798,23.81408],[120.67882,23.81629],[120.67635,23.81929],[120.67454,23.82004],[120.66994,23.81852],[120.66759,23.8166],[120.66473,23.81631],[120.65865,23.81453],[120.65561,23.81281],[120.6507,23.81272],[120.64875,23.81605],[120.64459,23.81755],[120.64003,23.8203],[120.63795,23.82538],[120.63991,23.82575],[120.63819,23.82892],[120.63453,23.83319],[120.63133,23.83164],[120.63051,23.83243],[120.62431,23.82943],[120.62396,23.83149],[120.62778,23.83192],[120.63347,23.83388],[120.63015,23.83465],[120.62993,23.83735],[120.62651,23.83988],[120.62397,23.83968],[120.62112,23.84175],[120.61634,23.83942],[120.61608,23.84119],[120.61887,23.84168],[120.62293,23.84799],[120.62368,23.85016],[120.62562,23.85197],[120.62721,23.85665],[120.62644,23.8586],[120.62282,23.86055],[120.62355,23.86197],[120.62061,23.86372],[120.62014,23.8657],[120.62179,23.86971],[120.62325,23.86941],[120.62581,23.87346],[120.62483,23.87711],[120.62668,23.87942],[120.62753,23.88358],[120.6296,23.88481],[120.62952,23.88942],[120.63198,23.88941],[120.63405,23.8919],[120.63413,23.89673],[120.63506,23.8986],[120.63467,23.9008],[120.63217,23.9053],[120.63359,23.90804],[120.63177,23.91045],[120.6343,23.91325],[120.63338,23.91523],[120.6349,23.91775],[120.63482,23.91993],[120.63725,23.9219],[120.63727,23.92456],[120.63275,23.92839],[120.62977,23.92947],[120.62976,23.93121],[120.63214,23.93287],[120.63278,23.93564],[120.63572,23.93725],[120.6353,23.93874],[120.63016,23.94305],[120.6346,23.94379],[120.62899,23.94983],[120.62938,23.95212],[120.6309,23.95445],[120.63415,23.95417],[120.63675,23.9527],[120.64266,23.95827],[120.64422,23.96208],[120.64685,23.96338],[120.64683,23.97537],[120.65005,23.98294],[120.65009,23.98492],[120.64533,23.98962],[120.63751,23.99374],[120.63635,23.9955],[120.63612,23.99841],[120.63824,24.00409],[120.64035,24.00573],[120.64154,24.00814],[120.64638,24.00912],[120.65084,24.00849],[120.66141,24.00831],[120.66616,24.00774],[120.66758,24.00691],[120.67258,24.00585],[120.67372,24.00773],[120.67105,24.00986],[120.67626,24.01085],[120.67865,24.01403],[120.66478,24.02329],[120.66349,24.02497],[120.66123,24.0257],[120.65566,24.03067],[120.65191,24.02858],[120.64922,24.03073],[120.64656,24.03394],[120.64444,24.03231],[120.64618,24.02834],[120.64486,24.02593],[120.64193,24.02737],[120.64027,24.02728],[120.63711,24.02886],[120.63615,24.03105],[120.63399,24.03108],[120.62866,24.02962],[120.62516,24.03019],[120.62448,24.03378],[120.62811,24.03835],[120.62602,24.04162],[120.6258,24.04681],[120.62449,24.04828],[120.62359,24.05326],[120.62569,24.05703],[120.62535,24.06895],[120.62399,24.07148],[120.61967,24.07304],[120.61517,24.08429],[120.6149,24.08999],[120.61249,24.09919],[120.61237,24.10258],[120.60309,24.10287],[120.59996,24.10518],[120.59486,24.1049],[120.58895,24.1061],[120.58554,24.10757],[120.58352,24.10955],[120.57663,24.10958],[120.57261,24.10832],[120.5656,24.10982],[120.55803,24.11254],[120.55369,24.11281],[120.54969,24.11388],[120.54523,24.11662],[120.54035,24.12397],[120.53411,24.12556],[120.53225,24.12692],[120.52761,24.13417],[120.52369,24.13946],[120.52567,24.14604],[120.52587,24.14854],[120.52452,24.1524],[120.5208,24.15851],[120.519,24.16314],[120.51753,24.16532],[120.51112,24.18064],[120.50811,24.18716],[120.50439,24.19114],[120.45656,24.20718]]]},"properties":{"COUNTYNAME":"彰化縣","COUNTYENG":"Changhua County","COUNTYCODE":"10007"}},
{"type":"Feature","geometry":{"type":"Polygon","coordinates":[[[121.34302,24.22355],[121.33912,24.2267],[121.33023,24.23115],[121.32444,24.23301],[121.3194,24.23195],[121.31645,24.23439],[121.3141,24.235],[121.30882,24.23494],[121.3059,24.2337],[121.30367,24.23376],[121.30236,24.23645],[121.2989,24.23577],[121.29834,24.23301],[121.29569,24.23263],[121.29314,24.22916],[121.28936,24.23014],[121.28578,24.22914],[121.28276,24.23104],[121.27922,24.23091],[121.27774,24.23188],[121.27662,24.23558],[121.27394,24.23568],[121.26892,24.23792],[121.2685,24.23995],[121.26639,24.24242],[121.26542,24.24567],[121.2615,24.24571],[121.25681,24.2444],[121.25507,24.24322],[121.25123,24.23799],[121.24713,24.22822],[121.24487,24.22497],[121.24416,24.2225],[121.24074,24.22171],[121.23796,24.21971],[121.2359,24.22125],[121.23041,24.22353],[121.23063,24.22611],[121.22712,24.22563],[121.22164,24.22783],[121.21971,24.22924],[121.21581,24.22535],[121.21267,24.22422],[121.20809,24.22167],[121.20506,24.22209],[121.20157,24.22164],[121.1967,24.22314],[121.19178,24.21807],[121.19184,24.21691],[121.18851,24.21492],[121.18519,24.21445],[121.1824,24.21231],[121.18074,24.21228],[121.17349,24.22033],[121.1677,24.22539],[121.16437,24.22179],[121.16395,24.21963],[121.16114,24.21535],[121.15652,24.21474],[121.15185,24.21318],[121.14782,24.21285],[121.14615,24.20892],[121.143,24.20528],[121.14254,24.2016],[121.14137,24.19965],[121.13529,24.19621],[121.13228,24.1969],[121.12875,24.1961],[121.12721,24.19677],[121.12255,24.19609],[121.11875,24.19721],[121.11341,24.19685],[121.10932,24.19802],[121.10569,24.19721],[121.09633,24.19207],[121.09441,24.19015],[121.09399,24.18789],[121.09107,24.18482],[121.09135,24.18273],[121.08888,24.18058],[121.08488,24.17592],[121.08123,24.17555],[121.0791,24.17305],[121.07466,24.16997],[121.07242,24.16987],[121.0643,24.1629],[121.05929,24.16268],[121.05795,24.15923],[121.05259,24.15477],[121.0507,24.1581],[121.04759,24.16002],[121.04414,24.15966],[121.04291,24.15861],[121.03778,24.15789],[121.03577,24.15307],[121.0356,24.15076],[121.03342,24.14858],[121.03089,24.14963],[121.03136,24.15257],[121.02984,24.1571],[121.02822,24.15922],[121.02334,24.15796],[121.01989,24.15887],[121.01551,24.15601],[121.0106,24.15047],[121.00972,24.1483],[121.00711,24.1449],[121.00689,24.14114],[121.00458,24.1376],[121.00349,24.13388],[121.00051,24.13241],[120.99976,24.12815],[120.99862,24.12691],[120.9922,24.12534],[120.99189,24.12086],[120.98944,24.11896],[120.98522,24.12019],[120.98371,24.11916],[120.97909,24.11826],[120.97522,24.11695],[120.97445,24.11892],[120.97096,24.12028],[120.96399,24.11988],[120.96121,24.12015],[120.958,24.12333],[120.95265,24.12685],[120.95011,24.12786],[120.94838,24.12494],[120.94451,24.12285],[120.93893,24.11784],[120.93496,24.11526],[120.93186,24.11221],[120.92715,24.11172],[120.92308,24.10991],[120.91988,24.10744],[120.91455,24.10757],[120.91324,24.10898],[120.90956,24.10923],[120.9071,24.11072],[120.90686,24.11234],[120.90489,24.11449],[120.89491,24.11652],[120.89105,24.11564],[120.89017,24.11421],[120.89108,24.11223],[120.89376,24.11111],[120.8942,24.10655],[120.89127,24.10241],[120.89154,24.0987],[120.89005,24.09665],[120.88679,24.09584],[120.88201,24.08832],[120.88032,24.08858],[120.87818,24.0858],[120.87686,24.09119],[120.87976,24.09931],[120.88149,24.10051],[120.87887,24.10772],[120.87257,24.1167],[120.86959,24.1171],[120.86552,24.11548],[120.86017,24.11589],[120.85721,24.1173],[120.85616,24.12155],[120.85387,24.12451],[120.8489,24.12386],[120.84485,24.12453],[120.84299,24.12305],[120.84212,24.12068],[120.83861,24.11903],[120.83628,24.11695],[120.83447,24.11294],[120.83451,24.10761],[120.83032,24.10213],[120.83244,24.09826],[120.8299,24.09496],[120.82853,24.09449],[120.82809,24.0869],[120.82891,24.08355],[120.82837,24.07688],[120.8293,24.07151],[120.82372,24.0707],[120.82048,24.06967],[120.81925,24.06846],[120.81635,24.06846],[120.81498,24.06983],[120.81178,24.06601],[120.80922,24.06626],[120.80698,24.06422],[120.80628,24.06043],[120.80327,24.05617],[120.80346,24.05248],[120.8014,24.05045],[120.79888,24.04588],[120.79703,24.04368],[120.79725,24.04094],[120.79578,24.03999],[120.79169,24.03526],[120.79154,24.03067],[120.78947,24.03123],[120.78755,24.03034],[120.78478,24.02761],[120.78502,24.02558],[120.77976,24.02111],[120.77613,24.0192],[120.77111,24.01347],[120.77056,24.00907],[120.7675,24.00905],[120.76267,24.00626],[120.75779,24.00587],[120.75314,24.00234],[120.7511,24.00285],[120.74604,23.99856],[120.74365,24.00217],[120.73173,24.009],[120.71924,24.00966],[120.70638,24.00519],[120.69488,24.00712],[120.68885,24.00927],[120.67865,24.01403],[120.67626,24.01085],[120.67105,24.00986],[120.67372,24.00773],[120.67258,24.00585],[120.66758,24.00691],[120.66616,24.00774],[120.66141,24.00831],[120.65084,24.00849],[120.64638,24.00912],[120.64154,24.00814],[120.64035,24.00573],[120.63824,24.00409],[120.63612,23.99841],[120.63635,23.9955],[120.63751,23.99374],[120.64533,23.98962],[120.65009,23.98492],[120.65005,23.98294],[120.64683,23.97537],[120.64685,23.96338],[120.64422,23.96208],[120.64266,23.95827],[120.63675,23.9527],[120.63415,23.95417],[120.6309,23.95445],[120.62938,23.95212],[120.62899,23.94983],[120.6346,23.94379],[120.63016,23.94305],[120.6353,23.93874],[120.63572,23.93725],[120.63278,23.93564],[120.63214,23.93287],[120.62976,23.93121],[120.62977,23.92947],[120.63275,23.92839],[120.63727,23.92456],[120.63725,23.9219],[120.63482,23.91993],[120.6349,23.91775],[120.63338,23.91523],[120.6343,23.91325],[120.63177,23.91045],[120.63359,23.90804],[120.63217,23.9053],[120.63467,23.9008],[120.63506,23.8986],[120.63413,23.89673],[120.63405,23.8919],[120.63198,23.88941],[120.62952,23.88942],[120.6296,23.88481],[120.62753,23.88358],[120.62668,23.87942],[120.62483,23.87711],[120.62581,23.87346],[120.62325,23.86941],[120.62179,23.86971],[120.62014,23.8657],[120.62061,23.86372],[120.62355,23.86197],[120.62282,23.86055],[120.62644,23.8586],[120.62721,23.85665],[120.62562,23.85197],[120.62368,23.85016],[120.62293,23.84799],[120.61887,23.84168],[120.61608,23.84119],[120.61634,23.83942],[120.62112,23.84175],[120.62397,23.83968],[120.62651,23.83988],[120.62993,23.83735],[120.63015,23.83465],[120.63347,23.83388],[120.62778,23.83192],[120.62396,23.83149],[120.62431,23.82943],[120.63051,23.83243],[120.63133,23.83164],[120.63453,23.83319],[120.63819,23.82892],[120.63991,23.82575],[120.63795,23.82538],[120.64003,23.8203],[120.64459,23.81755],[120.64875,23.81605],[120.6507,23.81272],[120.65561,23.81281],[120.65865,23.81453],[120.66473,23.81631],[120.66759,23.8166],[120.66994,23.81852],[120.67454,23.82004],[120.67635,23.81929],[120.67882,23.81629],[120.67798,23.81408],[120.67898,23.80594],[120.68341,23.80542],[120.6839,23.80135],[120.6799,23.80162],[120.67511,23.7998],[120.66966,23.79612],[120.66664,23.79357],[120.66238,23.79172],[120.65814,23.79104],[120.64254,23.78574],[120.64037,23.78605],[120.64243,23.7817],[120.64851,23.77321],[120.65554,23.75547],[120.65597,23.75376],[120.65463,23.74831],[120.65447,23.73979],[120.65584,23.73512],[120.65439,23.73452],[120.6509,23.73617],[120.64579,23.7359],[120.64463,23.73665],[120.64207,23.73064],[120.64027,23.73082],[120.63974,23.72662],[120.64168,23.72228],[120.64046,23.71959],[120.64052,23.71311],[120.63902,23.71056],[120.64026,23.70979],[120.64149,23.70552],[120.64567,23.70321],[120.64345,23.69983],[120.6466,23.69174],[120.64552,23.69008],[120.64626,23.68491],[120.64827,23.68292],[120.64802,23.68101],[120.64616,23.67733],[120.64677,23.67251],[120.6451,23.6718],[120.64439,23.66761],[120.64057,23.66438],[120.64001,23.66094],[120.63848,23.6596],[120.63497,23.65157],[120.63605,23.64815],[120.63483,23.64708],[120.63529,23.64313],[120.62908,23.63516],[120.62998,23.63196],[120.62875,23.62978],[120.6299,23.62744],[120.63102,23.62174],[120.63354,23.61921],[120.63541,23.61988],[120.63873,23.62474],[120.64387,23.62825],[120.64514,23.63098],[120.64909,23.62984],[120.65147,23.6299],[120.65361,23.62876],[120.65258,23.62476],[120.65292,23.62186],[120.65139,23.6162],[120.65356,23.61576],[120.65867,23.61357],[120.6612,23.61047],[120.66451,23.61112],[120.66914,23.60934],[120.67522,23.61022],[120.67778,23.61105],[120.68359,23.61087],[120.6854,23.61267],[120.68606,23.61821],[120.69154,23.62039],[120.6968,23.62001],[120.70178,23.61753],[120.70503,23.61727],[120.70688,23.61869],[120.71029,23.61916],[120.71407,23.62102],[120.71305,23.62781],[120.71605,23.62953],[120.71861,23.62989],[120.72043,23.62626],[120.72382,23.6219],[120.73077,23.61808],[120.7313,23.61437],[120.73086,23.61081],[120.73586,23.60955],[120.73902,23.61014],[120.74175,23.61243],[120.74635,23.61248],[120.74748,23.61116],[120.75047,23.61407],[120.75294,23.61485],[120.75808,23.61249],[120.76428,23.61224],[120.76963,23.60808],[120.77022,23.60596],[120.77328,23.60565],[120.77675,23.60383],[120.77957,23.60161],[120.78374,23.60071],[120.78745,23.60127],[120.79087,23.60094],[120.79492,23.59725],[120.79807,23.59744],[120.80353,23.5967],[120.80512,23.59862],[120.80979,23.59869],[120.81126,23.60013],[120.8139,23.60095],[120.81763,23.5996],[120.81861,23.59824],[120.81687,23.5956],[120.81867,23.59371],[120.81989,23.59044],[120.8237,23.58716],[120.82539,23.58654],[120.82469,23.5842],[120.82295,23.58351],[120.82032,23.57881],[120.81957,23.57487],[120.8219,23.57091],[120.82147,23.56823],[120.81992,23.56452],[120.82068,23.56262],[120.81904,23.56051],[120.81401,23.556],[120.8159,23.55367],[120.81462,23.5518],[120.81149,23.55105],[120.81129,23.54943],[120.80883,23.54586],[120.80818,23.54213],[120.80861,23.53619],[120.81095,23.5345],[120.81814,23.52346],[120.82039,23.52126],[120.81911,23.51953],[120.81987,23.51453],[120.82318,23.51094],[120.8228,23.50904],[120.82406,23.50413],[120.82282,23.49892],[120.82545,23.49482],[120.8253,23.48971],[120.82618,23.48851],[120.82708,23.48338],[120.8299,23.48073],[120.83264,23.47473],[120.83897,23.47122],[120.84146,23.47292],[120.84657,23.47308],[120.84874,23.47215],[120.85622,23.47342],[120.85813,23.47285],[120.86358,23.47347],[120.86669,23.4723],[120.86834,23.47063],[120.87309,23.46853],[120.8808,23.46764],[120.88414,23.47314],[120.88427,23.47431],[120.88714,23.4756],[120.89461,23.47554],[120.90195,23.47608],[120.91134,23.47606],[120.91464,23.47471],[120.91748,23.47569],[120.9265,23.47296],[120.93078,23.4707],[120.93465,23.47311],[120.93795,23.47293],[120.94158,23.46984],[120.94519,23.46776],[120.94752,23.46712],[120.95129,23.46753],[120.95751,23.4695],[120.96139,23.47077],[120.96522,23.4707],[120.96671,23.4717],[120.97063,23.46904],[120.97907,23.46937],[120.9822,23.46849],[120.98355,23.46702],[120.99969,23.46217],[121.00381,23.46296],[121.00846,23.46209],[121.01172,23.45717],[121.01465,23.45465],[121.01585,23.45161],[121.01435,23.44921],[121.01062,23.4465],[121.01058,23.44124],[121.01414,23.43792],[121.01527,23.43541],[121.01851,23.43595],[121.02189,23.43888],[121.02652,23.43915],[121.02866,23.44161],[121.03142,23.44221],[121.03376,23.44418],[121.03353,23.44544],[121.03754,23.44646],[121.04076,23.44824],[121.04396,23.44896],[121.04646,23.45087],[121.05206,23.45101],[121.05334,23.45345],[121.05324,23.45544],[121.05567,23.45903],[121.05815,23.46004],[121.059,23.46189],[121.05113,23.46449],[121.04965,23.46783],[121.04441,23.47012],[121.03901,23.47443],[121.04309,23.47805],[121.04497,23.48054],[121.04873,23.48271],[121.05012,23.48653],[121.05333,23.48749],[121.05415,23.4899],[121.05279,23.49357],[121.05486,23.49605],[121.05725,23.49619],[121.06208,23.49943],[121.06298,23.50384],[121.06602,23.50612],[121.0661,23.50797],[121.06876,23.51477],[121.06852,23.51848],[121.07503,23.51741],[121.08276,23.5147],[121.08811,23.51405],[121.0921,23.51484],[121.09311,23.51755],[121.09757,23.52169],[121.10102,23.52125],[121.10367,23.51893],[121.10672,23.51943],[121.10962,23.519],[121.11549,23.52023],[121.1169,23.52153],[121.12045,23.521],[121.12635,23.51705],[121.12827,23.51849],[121.13113,23.51748],[121.13225,23.51511],[121.13557,23.51525],[121.13834,23.52059],[121.14695,23.52719],[121.1511,23.52725],[121.1491,23.53164],[121.14688,23.53411],[121.14831,23.53634],[121.14852,23.53972],[121.15087,23.54578],[121.14766,23.55294],[121.14623,23.5542],[121.14803,23.55658],[121.14995,23.55735],[121.15119,23.55986],[121.15714,23.55956],[121.15802,23.56405],[121.16034,23.56783],[121.1583,23.56984],[121.15343,23.57167],[121.15192,23.57391],[121.15198,23.58127],[121.15339,23.58678],[121.15557,23.58705],[121.15738,23.58591],[121.16051,23.58704],[121.16675,23.58714],[121.16941,23.58657],[121.17108,23.58444],[121.17883,23.58312],[121.18001,23.58746],[121.17983,23.59009],[121.18231,23.59123],[121.18362,23.59321],[121.18941,23.59481],[121.19093,23.59794],[121.19456,23.60052],[121.20013,23.5964],[121.20623,23.59579],[121.20813,23.59824],[121.21312,23.60008],[121.21473,23.60548],[121.21594,23.60727],[121.21732,23.6147],[121.21995,23.61693],[121.22087,23.61922],[121.2238,23.62358],[121.22473,23.62682],[121.2248,23.63043],[121.22401,23.63293],[121.22426,23.63913],[121.22771,23.64518],[121.23025,23.64799],[121.23118,23.65135],[121.23069,23.65355],[121.23193,23.65788],[121.23542,23.66141],[121.23602,23.66467],[121.23601,23.67051],[121.23462,23.67384],[121.23263,23.67629],[121.2327,23.67805],[121.23428,23.68096],[121.236,23.68234],[121.23739,23.68511],[121.23932,23.68674],[121.23937,23.69469],[121.24121,23.69846],[121.23935,23.69978],[121.24112,23.70581],[121.24117,23.70901],[121.23927,23.71096],[121.23929,23.71702],[121.23782,23.71985],[121.23881,23.72315],[121.23621,23.72436],[121.23324,23.72895],[121.22964,23.73019],[121.22969,23.73317],[121.22843,23.73647],[121.22892,23.73988],[121.22882,23.74428],[121.23008,23.74718],[121.23308,23.74795],[121.23252,23.7506],[121.22931,23.75227],[121.22523,23.75178],[121.22148,23.75272],[121.21864,23.75638],[121.21317,23.75762],[121.21097,23.76111],[121.20646,23.76289],[121.20863,23.76551],[121.20665,23.76741],[121.20532,23.77113],[121.20697,23.7751],[121.20921,23.77599],[121.21173,23.77558],[121.21297,23.77691],[121.21828,23.77972],[121.21942,23.78164],[121.22365,23.7824],[121.22835,23.78522],[121.23052,23.7883],[121.23033,23.79028],[121.22706,23.79128],[121.22658,23.79609],[121.22551,23.79824],[121.22647,23.80441],[121.22791,23.80533],[121.2276,23.80861],[121.23213,23.81036],[121.23455,23.81217],[121.23468,23.81751],[121.23891,23.82203],[121.23695,23.82381],[121.23814,23.83016],[121.23773,23.83249],[121.23929,23.83714],[121.23977,23.84105],[121.24348,23.84498],[121.24452,23.84891],[121.24892,23.85213],[121.2488,23.85391],[121.25019,23.85665],[121.2504,23.86085],[121.25214,23.8613],[121.25297,23.86368],[121.25288,23.86744],[121.25694,23.86946],[121.25797,23.87233],[121.26499,23.87275],[121.26421,23.87662],[121.26293,23.8795],[121.26337,23.88122],[121.26551,23.88314],[121.26845,23.88375],[121.26741,23.889],[121.26551,23.89124],[121.26604,23.8942],[121.26523,23.89641],[121.26598,23.89868],[121.26271,23.8989],[121.26106,23.9026],[121.26627,23.90727],[121.27043,23.9065],[121.2749,23.90754],[121.27611,23.91012],[121.27544,23.9147],[121.27627,23.91597],[121.27513,23.91888],[121.27651,23.92316],[121.27341,23.92849],[121.27485,23.93154],[121.27371,23.93413],[121.27386,23.93622],[121.27208,23.93822],[121.27404,23.942],[121.27429,23.94572],[121.27182,23.94822],[121.27471,23.95145],[121.27582,23.95586],[121.27525,23.96042],[121.27791,23.96583],[121.27562,23.96836],[121.27508,23.97187],[121.27322,23.97537],[121.26487,23.97536],[121.26161,23.98124],[121.26011,23.99232],[121.26391,23.99775],[121.26544,24.00103],[121.26799,24.00377],[121.26942,24.00634],[121.27031,24.01002],[121.27179,24.01312],[121.27632,24.02015],[121.27661,24.02461],[121.27866,24.02682],[121.28018,24.0306],[121.28186,24.03215],[121.28226,24.03425],[121.28573,24.03972],[121.2856,24.04518],[121.28459,24.04916],[121.28261,24.05128],[121.28321,24.05427],[121.28647,24.05796],[121.28943,24.05889],[121.29052,24.06034],[121.2934,24.0616],[121.29554,24.06378],[121.29892,24.06164],[121.30104,24.06372],[121.30233,24.06635],[121.30585,24.06927],[121.30819,24.07331],[121.31438,24.07774],[121.31838,24.08006],[121.32313,24.08494],[121.3233,24.08654],[121.32115,24.08887],[121.31919,24.09277],[121.31912,24.0954],[121.32233,24.09949],[121.32523,24.10183],[121.32647,24.106],[121.32693,24.11026],[121.32807,24.11147],[121.3285,24.11441],[121.32529,24.11594],[121.31968,24.11656],[121.31588,24.11642],[121.31163,24.12019],[121.30354,24.12458],[121.30149,24.12747],[121.29586,24.13244],[121.28481,24.13471],[121.28137,24.13587],[121.28209,24.13969],[121.28422,24.14585],[121.28468,24.15204],[121.28322,24.15384],[121.28103,24.15449],[121.28041,24.1577],[121.28198,24.15819],[121.28481,24.15728],[121.2878,24.15721],[121.28829,24.16623],[121.28768,24.17328],[121.28622,24.17603],[121.28812,24.17767],[121.29171,24.17711],[121.29644,24.17832],[121.29879,24.18009],[121.30565,24.18005],[121.30762,24.18061],[121.31103,24.18325],[121.31612,24.18553],[121.31737,24.18811],[121.32049,24.19146],[121.32301,24.19197],[121.32418,24.19467],[121.32577,24.19617],[121.32884,24.19664],[121.3307,24.19776],[121.33581,24.19911],[121.34086,24.19846],[121.34484,24.19989],[121.34968,24.20024],[121.34835,24.20733],[121.34929,24.21064],[121.34787,24.21258],[121.34302,24.22355]]]},"properties":{"COUNTYNAME":"南投縣","COUNTYENG":"Nantou County","COUNTYCODE":"10008"}},
{"type":"Feature","geometry":{"type":"MultiPolygon","coordinates":[[[[120.08108,23.52412],[120.07765,23.52219],[120.07327,23.5207],[120.07102,23.51823],[120.06891,23.51783],[120.06662,23.51516],[120.0638,23.51501],[120.06263,23.51266],[120.06055,23.51211],[120.05799,23.50956],[120.05477,23.50861],[120.03787,23.49685],[120.02769,23.49159],[120.02394,23.48921],[120.02152,23.48689],[120.01606,23.4842],[120.01088,23.47872],[120.00927,23.47844],[120.00419,23.47421],[120.00032,23.47294],[119.99849,23.46828],[119.9969,23.46577],[120.00446,23.46033],[120.0081,23.45196],[120.01203,23.44835],[120.01386,23.44514],[120.01547,23.44382],[120.0142,23.44182],[120.01732,23.44061],[120.01918,23.43628],[120.02215,23.43823],[120.02082,23.43943],[120.0199,23.44361],[120.01603,23.44809],[120.01445,23.45279],[120.01238,23.45419],[120.00994,23.4589],[120.00757,23.46106],[120.00963,23.46486],[120.01593,23.46935],[120.01673,23.46803],[120.01468,23.46231],[120.01527,23.45898],[120.02013,23.45871],[120.02177,23.46008],[120.02453,23.46028],[120.0241,23.46745],[120.02293,23.47089],[120.02591,23.47304],[120.02473,23.47461],[120.0273,23.47599],[120.02709,23.47785],[120.02979,23.4796],[120.03434,23.47885],[120.03627,23.48137],[120.03877,23.47879],[120.04377,23.48415],[120.04561,23.49082],[120.04503,23.49357],[120.04961,23.49375],[120.04902,23.492],[120.04673,23.48996],[120.04554,23.48753],[120.0456,23.48423],[120.04203,23.47993],[120.04231,23.47769],[120.04516,23.47726],[120.0495,23.47952],[120.05357,23.48336],[120.05336,23.48683],[120.05432,23.48806],[120.05683,23.4849],[120.05766,23.48172],[120.05419,23.48106],[120.05694,23.47886],[120.06063,23.47959],[120.06328,23.484],[120.06368,23.48656],[120.06279,23.48946],[120.05615,23.49024],[120.05727,23.49153],[120.06056,23.49184],[120.0641,23.49318],[120.06927,23.49126],[120.06975,23.49665],[120.06575,23.49619],[120.06649,23.49864],[120.07,23.4987],[120.07295,23.49742],[120.07392,23.4989],[120.067,23.50018],[120.06861,23.50219],[120.07109,23.50314],[120.07236,23.50196],[120.07509,23.503],[120.0766,23.50733],[120.07929,23.50896],[120.08265,23.50863],[120.08351,23.5118],[120.08686,23.51218],[120.09356,23.51064],[120.09496,23.51213],[120.09523,23.51545],[120.09355,23.51789],[120.09081,23.52026],[120.0882,23.52051],[120.0877,23.52195],[120.08108,23.52412]]],[[[120.09942,23.54165],[120.09685,23.54016],[120.09434,23.53542],[120.09264,23.53402],[120.09115,23.5312],[120.09225,23.52783],[120.09518,23.52419],[120.09605,23.52164],[120.09745,23.52136],[120.09914,23.5289],[120.10184,23.52962],[120.10728,23.52745],[120.1089,23.52782],[120.11063,23.53064],[120.10718,23.53209],[120.10798,23.53369],[120.10281,23.53857],[120.10234,23.54023],[120.09942,23.54165]]],[[[120.13242,23.54673],[120.13058,23.54821],[120.1295,23.54411],[120.12636,23.54445],[120.12762,23.5365],[120.12645,23.5318],[120.12729,23.53014],[120.12993,23.53083],[120.12893,23.53255],[120.13229,23.53454],[120.13385,23.53649],[120.13428,23.53924],[120.13592,23.54065],[120.1366,23.54344],[120.13474,23.54367],[120.13454,23.54591],[120.13242,23.54673]]],[[[120.13232,23.56316],[120.1308,23.56379],[120.12448,23.56292],[120.1236,23.55956],[120.11999,23.55653],[120.11532,23.55656],[120.11225,23.55572],[120.11104,23.55377],[120.10738,23.55084],[120.10506,23.54797],[120.1037,23.54378],[120.10564,23.54241],[120.10565,23.54061],[120.10812,23.53964],[120.10964,23.54259],[120.10948,23.54513],[120.11507,23.54678],[120.11637,23.54936],[120.11892,23.54885],[120.11947,23.55077],[120.12255,23.55241],[120.12273,23.55643],[120.12552,23.55884],[120.12767,23.55727],[120.12855,23.55202],[120.13063,23.55369],[120.12982,23.55504],[120.13168,23.55722],[120.13084,23.55834],[120.13071,23.56209],[120.13232,23.56316]]],[[[120.13038,23.56901],[120.13252,23.57372],[120.13214,23.57639],[120.13033,23.57666],[120.12835,23.57497],[120.12816,23.57284],[120.13038,23.56901]]],[[[120.64037,23.78605],[120.63502,23.78677],[120.63313,23.78889],[120.63024,23.78979],[120.62469,23.79007],[120.615,23.79136],[120.61252,23.79115],[120.59259,23.79107],[120.5867,23.79199],[120.58269,23.79376],[120.57329,23.79636],[120.56029,23.79815],[120.55818,23.79943],[120.55075,23.80117],[120.54592,23.80148],[120.54061,23.80102],[120.53491,23.80124],[120.52911,23.79919],[120.52135,23.79977],[120.51105,23.80009],[120.50751,23.80074],[120.49841,23.80361],[120.48317,23.80657],[120.47526,23.80903],[120.45812,23.81612],[120.45197,23.81728],[120.44725,23.82076],[120.44403,23.82215],[120.43953,23.82687],[120.43311,23.83015],[120.42496,23.83017],[120.41844,23.82701],[120.41034,23.82638],[120.38281,23.82854],[120.37032,23.82856],[120.36011,23.82326],[120.3524,23.82232],[120.33314,23.82229],[120.3164,23.82006],[120.30813,23.8203],[120.27727,23.82829],[120.25502,23.83425],[120.24919,23.8375],[120.24377,23.84135],[120.23596,23.84815],[120.22748,23.85727],[120.22036,23.86622],[120.21925,23.85847],[120.21536,23.85288],[120.21432,23.85072],[120.21097,23.84918],[120.20521,23.84837],[120.20452,23.8449],[120.2084,23.84192],[120.20767,23.83722],[120.20605,23.83428],[120.20008,23.82667],[120.19561,23.82308],[120.19169,23.81825],[120.18568,23.81618],[120.18206,23.81569],[120.18142,23.81044],[120.17802,23.80907],[120.17499,23.80582],[120.17086,23.80659],[120.17024,23.80549],[120.17568,23.80432],[120.17546,23.80315],[120.16507,23.79443],[120.16016,23.7867],[120.15697,23.78445],[120.16192,23.77987],[120.16289,23.77971],[120.16291,23.77255],[120.16919,23.75893],[120.16681,23.75559],[120.16581,23.7419],[120.15583,23.71944],[120.15619,23.71546],[120.15271,23.71313],[120.14896,23.70817],[120.14692,23.70675],[120.14637,23.70347],[120.14721,23.70187],[120.14554,23.69893],[120.14637,23.69626],[120.14538,23.69194],[120.14104,23.68757],[120.13922,23.68423],[120.13523,23.66714],[120.13232,23.66091],[120.13029,23.65773],[120.1276,23.65216],[120.12547,23.64572],[120.12397,23.6432],[120.11811,23.63938],[120.11496,23.63623],[120.11449,23.63285],[120.11832,23.62663],[120.12354,23.62184],[120.12854,23.62194],[120.13121,23.62436],[120.13252,23.62721],[120.13445,23.63421],[120.13576,23.63615],[120.13791,23.63463],[120.13832,23.63178],[120.13725,23.62457],[120.13713,23.62036],[120.13351,23.61941],[120.13302,23.61569],[120.13581,23.6157],[120.13919,23.61471],[120.14014,23.61344],[120.1403,23.60867],[120.13945,23.59958],[120.14276,23.59792],[120.14459,23.59817],[120.14436,23.59414],[120.14168,23.59229],[120.14079,23.58428],[120.14072,23.57307],[120.14331,23.57213],[120.14311,23.56765],[120.1415,23.56301],[120.13777,23.56137],[120.14005,23.55881],[120.14039,23.55433],[120.13957,23.54978],[120.14053,23.54899],[120.14171,23.54436],[120.14565,23.53908],[120.14863,23.53689],[120.14913,23.53362],[120.15028,23.53193],[120.14547,23.52655],[120.14641,23.52386],[120.14585,23.52082],[120.14877,23.51915],[120.15229,23.51824],[120.15814,23.51592],[120.16456,23.51583],[120.16659,23.51723],[120.17241,23.51468],[120.18098,23.50985],[120.18717,23.51056],[120.18993,23.51004],[120.19509,23.51264],[120.19854,23.51304],[120.20501,23.51181],[120.21577,23.50691],[120.22305,23.50432],[120.23088,23.50544],[120.2391,23.50769],[120.24309,23.51012],[120.24665,23.51383],[120.24707,23.5162],[120.24558,23.52331],[120.24405,23.53261],[120.24204,23.53869],[120.24209,23.54154],[120.24437,23.54429],[120.2489,23.54576],[120.25382,23.54642],[120.2561,23.54609],[120.25811,23.54375],[120.26136,23.53634],[120.26345,23.53353],[120.2666,23.53106],[120.26891,23.5302],[120.27191,23.53075],[120.2736,23.53418],[120.27433,23.53794],[120.27636,23.54347],[120.2802,23.54588],[120.2826,23.54603],[120.2867,23.54782],[120.29091,23.55115],[120.28913,23.55745],[120.28926,23.56118],[120.29267,23.56396],[120.29766,23.56453],[120.30655,23.56287],[120.31055,23.56445],[120.31024,23.56721],[120.30674,23.57152],[120.30757,23.57469],[120.31188,23.57496],[120.32041,23.57239],[120.327,23.57417],[120.3316,23.57745],[120.33312,23.5792],[120.33366,23.59179],[120.33503,23.59298],[120.33838,23.59218],[120.34332,23.59192],[120.35248,23.5931],[120.35669,23.59404],[120.35988,23.59569],[120.36156,23.59826],[120.36588,23.603],[120.36651,23.60781],[120.36812,23.60748],[120.37114,23.60949],[120.37978,23.60993],[120.38076,23.61176],[120.38338,23.61291],[120.38281,23.61463],[120.38663,23.62101],[120.39241,23.62239],[120.39225,23.62357],[120.40264,23.62694],[120.40089,23.63215],[120.40462,23.63419],[120.40641,23.63254],[120.4066,23.62528],[120.4096,23.62524],[120.41279,23.62397],[120.4158,23.62138],[120.41687,23.62294],[120.42007,23.6252],[120.42096,23.62477],[120.42203,23.61927],[120.42564,23.61806],[120.42668,23.61916],[120.42993,23.61836],[120.43177,23.62146],[120.43395,23.62287],[120.43564,23.62193],[120.437,23.6238],[120.436,23.62607],[120.43805,23.62653],[120.44113,23.62597],[120.44422,23.63038],[120.45069,23.62963],[120.45337,23.62849],[120.45549,23.62652],[120.45848,23.62767],[120.4607,23.6294],[120.46391,23.62943],[120.46614,23.63027],[120.46959,23.63023],[120.47399,23.63107],[120.4775,23.62991],[120.47873,23.63278],[120.48263,23.63219],[120.48586,23.63063],[120.48814,23.63144],[120.48717,23.63416],[120.48906,23.63589],[120.49287,23.63323],[120.49949,23.63506],[120.50356,23.63528],[120.50587,23.6339],[120.50765,23.63023],[120.5064,23.62609],[120.5077,23.62299],[120.50946,23.62175],[120.51025,23.61935],[120.51507,23.61514],[120.51761,23.61108],[120.51962,23.60907],[120.52305,23.60704],[120.52808,23.60275],[120.52952,23.59986],[120.53228,23.59871],[120.53304,23.59701],[120.53694,23.59473],[120.54828,23.59377],[120.55192,23.59395],[120.55658,23.59285],[120.55781,23.58921],[120.56185,23.58878],[120.56569,23.58943],[120.56737,23.5877],[120.57092,23.58795],[120.57412,23.58599],[120.5767,23.58356],[120.5814,23.58213],[120.58627,23.58283],[120.58884,23.5855],[120.59333,23.58496],[120.59482,23.5854],[120.59976,23.58332],[120.60251,23.58318],[120.60652,23.58421],[120.6098,23.58261],[120.61546,23.58532],[120.619,23.58417],[120.62293,23.58797],[120.6232,23.58998],[120.62522,23.59066],[120.63062,23.58994],[120.63981,23.59254],[120.64562,23.59353],[120.64907,23.59254],[120.64716,23.58787],[120.64726,23.586],[120.64926,23.5857],[120.64904,23.58274],[120.64615,23.57954],[120.64348,23.57821],[120.64346,23.57571],[120.64783,23.57633],[120.65082,23.57242],[120.6557,23.5722],[120.65806,23.57288],[120.66069,23.57629],[120.66527,23.57768],[120.67077,23.57848],[120.67262,23.5763],[120.67354,23.57319],[120.67624,23.57071],[120.6809,23.5715],[120.68563,23.57456],[120.69402,23.5765],[120.69891,23.57634],[120.70432,23.57501],[120.70911,23.57559],[120.7095,23.57207],[120.71628,23.5708],[120.71795,23.56904],[120.72429,23.57187],[120.72818,23.5703],[120.73599,23.57112],[120.7349,23.57537],[120.73224,23.57703],[120.73219,23.579],[120.73389,23.58472],[120.73234,23.58784],[120.73204,23.59078],[120.72994,23.59343],[120.73256,23.59733],[120.72855,23.59916],[120.72781,23.60138],[120.72461,23.60365],[120.72674,23.60742],[120.73086,23.61081],[120.7313,23.61437],[120.73077,23.61808],[120.72382,23.6219],[120.72043,23.62626],[120.71861,23.62989],[120.71605,23.62953],[120.71305,23.62781],[120.71407,23.62102],[120.71029,23.61916],[120.70688,23.61869],[120.70503,23.61727],[120.70178,23.61753],[120.6968,23.62001],[120.69154,23.62039],[120.68606,23.61821],[120.6854,23.61267],[120.68359,23.61087],[120.67778,23.61105],[120.67522,23.61022],[120.66914,23.60934],[120.66451,23.61112],[120.6612,23.61047],[120.65867,23.61357],[120.65356,23.61576],[120.65139,23.6162],[120.65292,23.62186],[120.65258,23.62476],[120.65361,23.62876],[120.65147,23.6299],[120.64909,23.62984],[120.64514,23.63098],[120.64387,23.62825],[120.63873,23.62474],[120.63541,23.61988],[120.63354,23.61921],[120.63102,23.62174],[120.6299,23.62744],[120.62875,23.62978],[120.62998,23.63196],[120.62908,23.63516],[120.63529,23.64313],[120.63483,23.64708],[120.63605,23.64815],[120.63497,23.65157],[120.63848,23.6596],[120.64001,23.66094],[120.64057,23.66438],[120.64439,23.66761],[120.6451,23.6718],[120.64677,23.67251],[120.64616,23.67733],[120.64802,23.68101],[120.64827,23.68292],[120.64626,23.68491],[120.64552,23.69008],[120.6466,23.69174],[120.64345,23.69983],[120.64567,23.70321],[120.64149,23.70552],[120.64026,23.70979],[120.63902,23.71056],[120.64052,23.71311],[120.64046,23.71959],[120.64168,23.72228],[120.63974,23.72662],[120.64027,23.73082],[120.64207,23.73064],[120.64463,23.73665],[120.64579,23.7359],[120.6509,23.73617],[120.65439,23.73452],[120.65584,23.73512],[120.65447,23.73979],[120.65463,23.74831],[120.65597,23.75376],[120.65554,23.75547],[120.64851,23.77321],[120.64243,23.7817],[120.64037,23.78605]]]]},"properties":{"COUNTYNAME":"雲林縣","COUNTYENG":"Yunlin County","COUNTYCODE":"10009"}},
{"type":"Feature","geometry":{"type":"MultiPolygon","coordinates":[[[[120.37964,22.35598],[120.37696,22.35572],[120.37206,22.35319],[120.36742,22.35211],[120.36564,22.35093],[120.36385,22.34832],[120.36093,22.34595],[120.36255,22.34343],[120.36324,22.34002],[120.36105,22.3375],[120.36034,22.33471],[120.35362,22.32941],[120.35319,22.325],[120.35465,22.32326],[120.35737,22.32222],[120.35989,22.32224],[120.36312,22.32358],[120.36737,22.32631],[120.3715,22.33113],[120.37551,22.33358],[120.37675,22.33573],[120.38098,22.33845],[120.38703,22.34176],[120.38836,22.34388],[120.38897,22.34944],[120.38849,22.35068],[120.38507,22.35189],[120.37964,22.35598]]],[[[120.86456,22.84308],[120.86252,22.84681],[120.85973,22.84875],[120.85993,22.85146],[120.85699,22.853],[120.8562,22.85513],[120.85319,22.85762],[120.84717,22.85197],[120.84385,22.85343],[120.84119,22.85729],[120.84094,22.86038],[120.83725,22.86423],[120.83304,22.86627],[120.82832,22.86579],[120.82612,22.86639],[120.82296,22.86572],[120.81909,22.86235],[120.81589,22.86211],[120.81418,22.86045],[120.81381,22.85766],[120.80707,22.85487],[120.80108,22.85103],[120.79335,22.85203],[120.7917,22.84837],[120.79299,22.8423],[120.7902,22.84015],[120.78584,22.8399],[120.78206,22.83646],[120.77871,22.8352],[120.77441,22.83765],[120.77289,22.8411],[120.76991,22.84455],[120.76851,22.8452],[120.76592,22.8487],[120.764,22.84929],[120.76376,22.85173],[120.76215,22.85681],[120.75877,22.86093],[120.75656,22.86222],[120.75529,22.86445],[120.74926,22.86568],[120.74658,22.86779],[120.74635,22.86915],[120.74268,22.87355],[120.73747,22.8743],[120.73094,22.87626],[120.72502,22.88083],[120.72051,22.882],[120.71712,22.88097],[120.70978,22.8811],[120.70825,22.88165],[120.70454,22.88067],[120.70254,22.87924],[120.70136,22.87648],[120.69789,22.87306],[120.69198,22.86845],[120.69054,22.86487],[120.68622,22.86466],[120.68404,22.86351],[120.67919,22.86295],[120.67672,22.85725],[120.67211,22.85635],[120.66988,22.85687],[120.66857,22.85871],[120.66429,22.85881],[120.6609,22.85967],[120.65948,22.86192],[120.65865,22.86607],[120.65966,22.86995],[120.65842,22.87434],[120.65805,22.87971],[120.65487,22.88147],[120.65234,22.87947],[120.65102,22.87721],[120.64844,22.87713],[120.6465,22.88379],[120.64503,22.88518],[120.64044,22.8831],[120.63703,22.88232],[120.63437,22.88075],[120.6304,22.87991],[120.62601,22.8783],[120.62063,22.87558],[120.61675,22.87681],[120.61293,22.87607],[120.60582,22.87321],[120.60234,22.87069],[120.59809,22.86687],[120.59525,22.86366],[120.58564,22.85652],[120.57481,22.8482],[120.56959,22.84316],[120.56669,22.83836],[120.56153,22.83382],[120.55758,22.83209],[120.55419,22.82882],[120.54803,22.82843],[120.54406,22.82979],[120.53643,22.82927],[120.534,22.83057],[120.531,22.83083],[120.52751,22.83218],[120.52432,22.83197],[120.52346,22.83288],[120.51994,22.83144],[120.51565,22.83157],[120.50999,22.82851],[120.50894,22.82958],[120.50341,22.83173],[120.49997,22.83125],[120.49639,22.83254],[120.49395,22.83676],[120.4908,22.83527],[120.48828,22.8358],[120.48225,22.83597],[120.48035,22.83773],[120.47905,22.83677],[120.47624,22.83819],[120.47417,22.83689],[120.47216,22.83394],[120.46876,22.83067],[120.46919,22.82502],[120.46753,22.82235],[120.46735,22.81548],[120.4655,22.81275],[120.46403,22.80029],[120.45993,22.79052],[120.45747,22.78549],[120.45599,22.78017],[120.45572,22.77508],[120.45411,22.7712],[120.4538,22.76754],[120.45442,22.76418],[120.45377,22.7615],[120.45371,22.75657],[120.45418,22.75356],[120.45491,22.73963],[120.456,22.73057],[120.45574,22.71849],[120.453,22.70658],[120.45279,22.70417],[120.45127,22.70007],[120.45109,22.69797],[120.44752,22.6883],[120.44263,22.68456],[120.43966,22.67854],[120.44,22.67304],[120.43788,22.66706],[120.43663,22.66502],[120.43589,22.65597],[120.4362,22.64815],[120.43533,22.64026],[120.43538,22.63377],[120.4358,22.63044],[120.43371,22.62461],[120.43368,22.6176],[120.43461,22.61341],[120.43755,22.60727],[120.44273,22.60335],[120.44579,22.59883],[120.44663,22.59448],[120.447,22.58618],[120.44564,22.5792],[120.44412,22.56883],[120.4427,22.56232],[120.44103,22.55803],[120.43902,22.55502],[120.43657,22.54756],[120.43127,22.54468],[120.42917,22.53859],[120.42513,22.52847],[120.42458,22.52441],[120.42286,22.51845],[120.42304,22.51101],[120.42366,22.50652],[120.42573,22.49817],[120.42394,22.47995],[120.42443,22.46871],[120.4331,22.46836],[120.43506,22.46448],[120.43601,22.45947],[120.43851,22.45936],[120.43973,22.4568],[120.44708,22.44934],[120.45854,22.43936],[120.4764,22.42893],[120.48276,22.42578],[120.49214,22.42155],[120.50545,22.41435],[120.50854,22.41215],[120.51582,22.4111],[120.51752,22.40898],[120.52423,22.40526],[120.54959,22.39244],[120.56035,22.38607],[120.57075,22.3794],[120.57123,22.37805],[120.57642,22.37518],[120.58006,22.37229],[120.58557,22.36939],[120.59131,22.3643],[120.59225,22.3621],[120.59894,22.35575],[120.59977,22.35323],[120.60512,22.34265],[120.60516,22.34115],[120.61043,22.33606],[120.62029,22.32851],[120.63047,22.31911],[120.63618,22.31278],[120.63755,22.30901],[120.6404,22.30578],[120.64274,22.30162],[120.64312,22.2942],[120.64271,22.29107],[120.64412,22.28756],[120.648,22.28007],[120.64894,22.27548],[120.6521,22.26824],[120.65209,22.26567],[120.65056,22.26233],[120.64928,22.25575],[120.6504,22.25179],[120.65281,22.251],[120.65791,22.2471],[120.65792,22.24286],[120.66403,22.23928],[120.66528,22.23952],[120.6676,22.23661],[120.66993,22.23551],[120.672,22.23325],[120.67314,22.2289],[120.67219,22.22695],[120.67399,22.2232],[120.67665,22.22228],[120.67844,22.2185],[120.6804,22.21682],[120.68486,22.21027],[120.68578,22.20321],[120.68384,22.19839],[120.68554,22.19251],[120.68898,22.18801],[120.68998,22.18361],[120.69105,22.18141],[120.69157,22.17763],[120.69109,22.17509],[120.69381,22.17248],[120.69395,22.16742],[120.69547,22.16645],[120.69602,22.15967],[120.69459,22.15739],[120.69608,22.1542],[120.69948,22.15007],[120.69974,22.1469],[120.69807,22.14411],[120.69758,22.14047],[120.69849,22.13682],[120.70148,22.13415],[120.70232,22.12984],[120.70442,22.1273],[120.70659,22.126],[120.70905,22.12275],[120.70947,22.11947],[120.71054,22.11754],[120.70969,22.11591],[120.71178,22.11462],[120.7131,22.11147],[120.7125,22.10834],[120.71516,22.1065],[120.71614,22.10037],[120.71563,22.09688],[120.71685,22.09325],[120.71452,22.09078],[120.71272,22.09083],[120.70767,22.08793],[120.70131,22.08614],[120.6993,22.08278],[120.70064,22.08011],[120.70333,22.07833],[120.70573,22.07074],[120.70483,22.06785],[120.70594,22.05994],[120.70448,22.05604],[120.70223,22.05551],[120.69969,22.0561],[120.69757,22.05499],[120.69441,22.04826],[120.69644,22.04307],[120.69385,22.04153],[120.69348,22.03983],[120.68953,22.03603],[120.68714,22.03277],[120.68512,22.02541],[120.68523,22.0239],[120.68893,22.01564],[120.69092,22.01295],[120.69319,22.00759],[120.69383,22.00259],[120.70069,21.996],[120.70469,21.99469],[120.70559,21.99355],[120.70694,21.9875],[120.71006,21.98564],[120.71355,21.98061],[120.71515,21.97289],[120.71503,21.97114],[120.71152,21.96392],[120.71175,21.96152],[120.71143,21.95166],[120.70993,21.94148],[120.71058,21.93411],[120.71265,21.93331],[120.71602,21.93485],[120.71926,21.93288],[120.71903,21.92726],[120.72335,21.92147],[120.72661,21.91907],[120.72872,21.91831],[120.73326,21.91861],[120.73957,21.91971],[120.73987,21.92628],[120.74382,21.92954],[120.74405,21.93221],[120.74622,21.93258],[120.74685,21.93419],[120.74578,21.93725],[120.74536,21.94248],[120.74847,21.94181],[120.74902,21.945],[120.74844,21.94946],[120.75267,21.95075],[120.75422,21.95291],[120.75316,21.95523],[120.75755,21.95739],[120.76062,21.95723],[120.76137,21.95886],[120.76468,21.95913],[120.76836,21.95532],[120.77016,21.9524],[120.77282,21.9504],[120.7776,21.94928],[120.78032,21.94579],[120.78302,21.94354],[120.79191,21.94348],[120.79663,21.94218],[120.79801,21.94049],[120.79836,21.93793],[120.80147,21.93714],[120.80293,21.93984],[120.80514,21.9392],[120.80732,21.93626],[120.81007,21.93439],[120.81305,21.93349],[120.81859,21.93477],[120.82222,21.93436],[120.82419,21.9309],[120.83276,21.92338],[120.83446,21.91877],[120.83726,21.91602],[120.84144,21.9149],[120.84513,21.91476],[120.84613,21.91369],[120.84596,21.90603],[120.8479,21.89994],[120.85114,21.89636],[120.8586,21.8956],[120.86492,21.89817],[120.86689,21.90055],[120.86713,21.90273],[120.86334,21.9056],[120.86192,21.90968],[120.86292,21.91377],[120.86259,21.91756],[120.85847,21.92263],[120.85778,21.92467],[120.85339,21.93029],[120.84892,21.93381],[120.84757,21.93861],[120.84549,21.9413],[120.84329,21.94622],[120.84233,21.94996],[120.84295,21.95424],[120.8414,21.95648],[120.84163,21.95988],[120.8445,21.96826],[120.84475,21.97337],[120.84548,21.97636],[120.84417,21.98025],[120.84607,21.98621],[120.84851,21.98817],[120.85159,21.98905],[120.8558,21.98896],[120.86159,21.99082],[120.86728,21.99496],[120.87579,21.99885],[120.87902,22.00445],[120.87914,22.00723],[120.87823,22.01071],[120.88373,22.01325],[120.88708,22.01645],[120.88715,22.02038],[120.88923,22.02576],[120.89662,22.0309],[120.90106,22.03324],[120.90121,22.03437],[120.89748,22.04057],[120.89366,22.04973],[120.89418,22.05598],[120.89387,22.06149],[120.89296,22.06798],[120.89354,22.07592],[120.89408,22.08861],[120.8986,22.0941],[120.89822,22.0981],[120.8988,22.10099],[120.90031,22.10379],[120.90204,22.1053],[120.89807,22.10683],[120.89242,22.11032],[120.88862,22.11905],[120.8875,22.12268],[120.88667,22.12973],[120.88786,22.1333],[120.89149,22.13551],[120.89656,22.14077],[120.89705,22.144],[120.89507,22.14622],[120.89256,22.15032],[120.89397,22.15578],[120.89342,22.16041],[120.89209,22.16244],[120.89381,22.16856],[120.89422,22.17263],[120.89228,22.18148],[120.89237,22.18542],[120.89165,22.18724],[120.8907,22.19533],[120.89513,22.20057],[120.89641,22.20349],[120.89575,22.20887],[120.8942,22.21646],[120.89417,22.2206],[120.89591,22.22722],[120.89892,22.22984],[120.89893,22.23379],[120.89827,22.23793],[120.89675,22.24303],[120.89629,22.24643],[120.89224,22.24552],[120.89138,22.2443],[120.88592,22.24199],[120.88403,22.24059],[120.88088,22.23503],[120.87653,22.23485],[120.87145,22.23294],[120.87084,22.23139],[120.86867,22.23128],[120.86668,22.22981],[120.86386,22.23114],[120.86354,22.23556],[120.86162,22.23747],[120.85918,22.23847],[120.85867,22.24082],[120.85546,22.2415],[120.85084,22.24366],[120.84642,22.24353],[120.84488,22.24284],[120.84129,22.24458],[120.83939,22.24367],[120.83254,22.24725],[120.8315,22.25006],[120.82591,22.25665],[120.82123,22.25871],[120.81865,22.2612],[120.8154,22.26322],[120.80939,22.26069],[120.79972,22.25718],[120.7979,22.25794],[120.79884,22.25997],[120.79857,22.26357],[120.79937,22.26539],[120.7962,22.26794],[120.79819,22.27646],[120.80008,22.27728],[120.80487,22.27678],[120.80677,22.27716],[120.80697,22.27966],[120.80582,22.2813],[120.80548,22.28409],[120.80069,22.28425],[120.79899,22.28541],[120.7934,22.28572],[120.79112,22.28812],[120.79113,22.29065],[120.78861,22.294],[120.78155,22.2946],[120.77774,22.29797],[120.77683,22.30258],[120.77815,22.3085],[120.7832,22.30946],[120.78713,22.30921],[120.79296,22.31241],[120.79593,22.31621],[120.79679,22.31832],[120.79483,22.32302],[120.79363,22.32347],[120.79237,22.33074],[120.79247,22.33562],[120.78923,22.33839],[120.78847,22.34157],[120.78655,22.34214],[120.78506,22.34552],[120.78106,22.34637],[120.77911,22.34791],[120.7758,22.34874],[120.77167,22.34863],[120.76795,22.3474],[120.76526,22.3495],[120.76359,22.35224],[120.76282,22.35669],[120.76318,22.35897],[120.761,22.36042],[120.75843,22.35945],[120.75243,22.36054],[120.74346,22.36726],[120.74484,22.37017],[120.74752,22.3714],[120.74913,22.37569],[120.74862,22.38038],[120.7505,22.38409],[120.75648,22.38838],[120.75241,22.39205],[120.75228,22.39391],[120.7538,22.39643],[120.75758,22.39807],[120.75419,22.4051],[120.75812,22.4049],[120.76321,22.40716],[120.76494,22.40893],[120.76833,22.40862],[120.77058,22.4069],[120.77363,22.40709],[120.77476,22.40901],[120.78036,22.40945],[120.78299,22.41134],[120.78964,22.41765],[120.78805,22.41987],[120.78687,22.42518],[120.78477,22.42812],[120.78276,22.43326],[120.78026,22.43713],[120.77682,22.44001],[120.77503,22.44429],[120.77645,22.44894],[120.77587,22.45035],[120.77192,22.45184],[120.76545,22.4529],[120.76273,22.45452],[120.75808,22.45852],[120.75424,22.45732],[120.75161,22.45841],[120.75175,22.46454],[120.75417,22.4694],[120.75442,22.47243],[120.75152,22.47973],[120.75746,22.48183],[120.75855,22.48841],[120.76045,22.48853],[120.76383,22.49116],[120.76434,22.49539],[120.7627,22.5011],[120.75887,22.50587],[120.75748,22.50855],[120.75388,22.51077],[120.7531,22.51798],[120.75149,22.52105],[120.75166,22.52532],[120.74991,22.52936],[120.75002,22.53402],[120.74802,22.53838],[120.74566,22.54073],[120.73948,22.55145],[120.73905,22.55366],[120.74001,22.55924],[120.73963,22.56254],[120.74153,22.56867],[120.74794,22.57108],[120.74878,22.5723],[120.74908,22.57863],[120.74667,22.58401],[120.74576,22.58832],[120.74659,22.59095],[120.75194,22.59673],[120.75481,22.60156],[120.75407,22.60443],[120.75406,22.60855],[120.75288,22.61208],[120.75487,22.61698],[120.75866,22.62384],[120.76101,22.62579],[120.76131,22.63004],[120.76312,22.63114],[120.76396,22.63333],[120.76765,22.63619],[120.76857,22.6383],[120.77127,22.64125],[120.77383,22.64623],[120.77713,22.65047],[120.77977,22.65253],[120.7857,22.66118],[120.78635,22.66298],[120.78622,22.67204],[120.7886,22.67586],[120.79157,22.67918],[120.78926,22.68383],[120.78948,22.68649],[120.78674,22.69274],[120.78912,22.69329],[120.79232,22.69147],[120.79493,22.69091],[120.79767,22.6891],[120.80802,22.68919],[120.80929,22.68839],[120.81144,22.69204],[120.81633,22.69184],[120.81887,22.69088],[120.81884,22.69406],[120.81988,22.6956],[120.82425,22.69555],[120.82869,22.69766],[120.83117,22.69684],[120.83679,22.69708],[120.8383,22.6991],[120.83803,22.70177],[120.83967,22.70395],[120.84024,22.70667],[120.84332,22.70774],[120.84269,22.71017],[120.84422,22.71064],[120.84869,22.71699],[120.85508,22.71745],[120.85861,22.71363],[120.86138,22.71666],[120.86719,22.71689],[120.86912,22.71594],[120.87548,22.71718],[120.87942,22.71607],[120.88351,22.71707],[120.88728,22.72237],[120.88831,22.72672],[120.89144,22.72938],[120.89239,22.7329],[120.89228,22.73519],[120.89472,22.73759],[120.89564,22.74182],[120.89414,22.74327],[120.89535,22.7482],[120.89415,22.75106],[120.89561,22.75574],[120.89445,22.75914],[120.89481,22.76258],[120.89199,22.76386],[120.89356,22.76678],[120.90034,22.76941],[120.90115,22.77206],[120.90318,22.77383],[120.90386,22.77581],[120.90324,22.78046],[120.90418,22.78319],[120.90169,22.78754],[120.90332,22.79372],[120.9033,22.79981],[120.90089,22.80427],[120.89932,22.80471],[120.89655,22.80797],[120.8944,22.80852],[120.89119,22.81162],[120.88113,22.81451],[120.87716,22.81307],[120.87473,22.81525],[120.87171,22.81479],[120.86863,22.81685],[120.86682,22.81965],[120.86509,22.8248],[120.86167,22.82697],[120.86455,22.83217],[120.86525,22.83611],[120.86399,22.83943],[120.86456,22.84308]]]]},"properties":{"COUNTYNAME":"屏東縣","COUNTYENG":"Pingtung County","COUNTYCODE":"10013"}},
{"type":"Feature","geometry":{"type":"MultiPolygon","coordinates":[[[[121.80351,25.1362],[121.80426,25.13781],[121.80291,25.14109],[121.80457,25.14447],[121.80597,25.14479],[121.80815,25.14774],[121.80703,25.14914],[121.80055,25.14753],[121.79534,25.14806],[121.7932,25.14687],[121.79131,25.14822],[121.78916,25.14816],[121.78507,25.14955],[121.78395,25.15164],[121.77986,25.15321],[121.77794,25.15145],[121.77474,25.15596],[121.77667,25.15798],[121.7768,25.15952],[121.77018,25.16128],[121.76556,25.16343],[121.76231,25.16347],[121.76195,25.16027],[121.75996,25.16126],[121.75616,25.15952],[121.75493,25.16226],[121.75299,25.15851],[121.7485,25.15625],[121.74707,25.15726],[121.74263,25.15727],[121.73967,25.15952],[121.73683,25.15941],[121.73394,25.16145],[121.72948,25.16359],[121.72366,25.16517],[121.71738,25.16597],[121.71272,25.16603],[121.71117,25.16492],[121.70725,25.16603],[121.71009,25.17002],[121.70847,25.17268],[121.70996,25.17414],[121.70966,25.17656],[121.70598,25.17383],[121.70225,25.17352],[121.70096,25.16935],[121.69895,25.16722],[121.69129,25.16632],[121.69108,25.16482],[121.68883,25.16409],[121.6876,25.16189],[121.68483,25.1601],[121.68332,25.16064],[121.6784,25.15743],[121.67766,25.15581],[121.67147,25.15556],[121.6692,25.1534],[121.66383,25.15219],[121.65813,25.15215],[121.65579,25.14921],[121.65202,25.14841],[121.64987,25.1451],[121.64401,25.14575],[121.6424,25.14496],[121.63957,25.14568],[121.63677,25.14362],[121.63453,25.14389],[121.62931,25.14176],[121.6268,25.13962],[121.62867,25.13468],[121.63466,25.13047],[121.63795,25.13082],[121.64303,25.12783],[121.64624,25.12105],[121.64569,25.11903],[121.64624,25.11363],[121.65016,25.10964],[121.65223,25.10468],[121.64894,25.10191],[121.65058,25.09872],[121.65538,25.09562],[121.65569,25.09361],[121.65838,25.09158],[121.66091,25.09089],[121.66194,25.08935],[121.66429,25.08943],[121.66791,25.08576],[121.67403,25.08292],[121.67862,25.08725],[121.68174,25.08711],[121.68154,25.08442],[121.67922,25.07854],[121.68842,25.07174],[121.69165,25.07046],[121.69649,25.0701],[121.69936,25.06745],[121.70427,25.06793],[121.70688,25.06659],[121.70929,25.06769],[121.71237,25.06803],[121.71782,25.06382],[121.719,25.06164],[121.72199,25.06011],[121.7227,25.05847],[121.72621,25.05812],[121.7284,25.05475],[121.7323,25.05277],[121.7348,25.05416],[121.73784,25.05466],[121.7398,25.05306],[121.74591,25.05299],[121.74763,25.05372],[121.75083,25.05704],[121.75929,25.05945],[121.76234,25.05698],[121.76403,25.05744],[121.76481,25.05954],[121.77001,25.06349],[121.77173,25.06321],[121.77305,25.06684],[121.7757,25.07],[121.77131,25.07614],[121.76709,25.07877],[121.76169,25.07839],[121.76003,25.08102],[121.75913,25.08448],[121.75982,25.09024],[121.75836,25.09477],[121.75945,25.09628],[121.75961,25.10078],[121.75678,25.10188],[121.75803,25.10337],[121.75741,25.10663],[121.75606,25.10841],[121.7539,25.10867],[121.75089,25.10774],[121.75003,25.10972],[121.75178,25.111],[121.75702,25.11013],[121.75939,25.11259],[121.76329,25.11344],[121.76691,25.11252],[121.76973,25.11497],[121.77297,25.12011],[121.77611,25.1186],[121.78354,25.11659],[121.78602,25.11812],[121.79016,25.11226],[121.79468,25.11257],[121.79777,25.11431],[121.79762,25.11982],[121.79708,25.12128],[121.79421,25.12335],[121.79466,25.12642],[121.79891,25.12437],[121.80237,25.12177],[121.80499,25.12579],[121.80386,25.12723],[121.80535,25.13112],[121.80253,25.13433],[121.80351,25.1362]]],[[[121.7881,25.19568],[121.78456,25.19494],[121.7824,25.19301],[121.78154,25.19085],[121.78296,25.18967],[121.78619,25.1914],[121.78892,25.19207],[121.7881,25.19568]]],[[[122.10697,25.48736],[122.10525,25.48777],[122.10351,25.48616],[122.10351,25.48348],[122.10551,25.48198],[122.10782,25.48432],[122.10697,25.48736]]],[[[122.07836,25.63314],[122.07442,25.6321],[122.07228,25.62843],[122.07275,25.62675],[122.07612,25.62526],[122.07828,25.62313],[122.08066,25.6233],[122.08511,25.62932],[122.08396,25.63319],[122.07836,25.63314]]]]},"properties":{"COUNTYNAME":"基隆市","COUNTYENG":"Keelung City","COUNTYCODE":"10017"}},
{"type":"Feature","geometry":{"type":"Polygon","coordinates":[[[121.57099,25.19717],[121.56994,25.19829],[121.56636,25.19955],[121.5649,25.20094],[121.56441,25.20476],[121.56275,25.20929],[121.55975,25.21017],[121.55501,25.20843],[121.55312,25.2042],[121.55151,25.20211],[121.5526,25.19881],[121.5507,25.19711],[121.54906,25.19812],[121.54632,25.19697],[121.54324,25.19365],[121.54283,25.18895],[121.5407,25.18715],[121.53581,25.18667],[121.53337,25.18358],[121.52568,25.18276],[121.5217,25.179],[121.52256,25.17468],[121.52006,25.1694],[121.51302,25.17095],[121.51042,25.16944],[121.50706,25.17116],[121.50485,25.17325],[121.50273,25.17279],[121.50175,25.16929],[121.5004,25.1686],[121.49914,25.16563],[121.49744,25.16373],[121.49276,25.16076],[121.48646,25.15077],[121.48286,25.15022],[121.48051,25.14674],[121.47659,25.14367],[121.47302,25.13974],[121.47196,25.13773],[121.46896,25.13563],[121.46561,25.13155],[121.4643,25.12757],[121.46456,25.12472],[121.45937,25.12192],[121.46094,25.1162],[121.45767,25.11022],[121.45733,25.1071],[121.4614,25.10385],[121.46638,25.10166],[121.47829,25.1014],[121.48108,25.10088],[121.48607,25.09877],[121.4891,25.09686],[121.4926,25.09346],[121.49977,25.08723],[121.50264,25.08296],[121.50617,25.07441],[121.50705,25.06988],[121.50682,25.06472],[121.50564,25.06077],[121.50623,25.05363],[121.50467,25.04979],[121.50136,25.04595],[121.49566,25.04296],[121.48882,25.04257],[121.4851,25.03911],[121.48364,25.0353],[121.48494,25.03148],[121.4888,25.02335],[121.4884,25.02102],[121.48876,25.01532],[121.48956,25.01318],[121.49266,25.00953],[121.4953,25.0093],[121.50027,25.01195],[121.50614,25.01879],[121.50912,25.02134],[121.51197,25.02181],[121.5193,25.01954],[121.52113,25.01811],[121.52575,25.01187],[121.53046,25.00984],[121.53215,25.00813],[121.53387,25.0036],[121.53163,25.00119],[121.53051,24.99801],[121.53164,24.99473],[121.5317,24.99051],[121.53435,24.99332],[121.53626,24.99408],[121.53711,24.99153],[121.53685,24.98873],[121.54002,24.98775],[121.54387,24.98828],[121.54481,24.98703],[121.54486,24.98378],[121.54903,24.98376],[121.55263,24.9867],[121.55391,24.98436],[121.55305,24.98075],[121.55368,24.97742],[121.5552,24.97653],[121.5561,24.97338],[121.55748,24.97226],[121.55848,24.96853],[121.56122,24.96471],[121.56508,24.96408],[121.57039,24.96444],[121.57298,24.96412],[121.57456,24.96684],[121.57864,24.96659],[121.5822,24.96476],[121.58441,24.96459],[121.58573,24.9632],[121.58861,24.96335],[121.59117,24.96461],[121.5934,24.96421],[121.59483,24.96158],[121.59708,24.9605],[121.60108,24.96088],[121.60525,24.963],[121.60847,24.96319],[121.61367,24.96644],[121.61707,24.96748],[121.61964,24.96716],[121.61919,24.9706],[121.6162,24.97167],[121.61414,24.97359],[121.61125,24.97461],[121.60512,24.97443],[121.60019,24.97694],[121.59933,24.97868],[121.60066,24.98031],[121.59988,24.98648],[121.60186,24.98797],[121.60187,24.99044],[121.59906,24.99175],[121.59814,24.99449],[121.60054,24.99851],[121.60056,25.00071],[121.59789,25.00414],[121.59586,25.00486],[121.59564,25.00716],[121.59753,25.01478],[121.60271,25.01514],[121.60413,25.01909],[121.60821,25.01944],[121.60874,25.0205],[121.6135,25.01915],[121.61608,25.0197],[121.6174,25.01845],[121.62062,25.01835],[121.62249,25.01738],[121.62899,25.02],[121.63094,25.02473],[121.63245,25.02563],[121.63569,25.02321],[121.63751,25.02407],[121.64081,25.02349],[121.64298,25.02456],[121.64705,25.02187],[121.64991,25.02397],[121.65382,25.02442],[121.65774,25.02325],[121.66405,25.02317],[121.66538,25.02602],[121.66594,25.02988],[121.6608,25.03045],[121.65682,25.02794],[121.65024,25.02763],[121.64405,25.02991],[121.63991,25.03201],[121.63808,25.03359],[121.6329,25.03584],[121.63014,25.03515],[121.62948,25.03673],[121.6253,25.03767],[121.62195,25.04005],[121.61906,25.04354],[121.61646,25.04815],[121.61631,25.05055],[121.62103,25.05369],[121.62165,25.05651],[121.62426,25.05574],[121.62165,25.06034],[121.61868,25.063],[121.61613,25.06392],[121.61759,25.06715],[121.62147,25.06955],[121.6207,25.07339],[121.62277,25.07466],[121.62432,25.08042],[121.62798,25.08325],[121.62861,25.08647],[121.62807,25.08839],[121.62599,25.09052],[121.62506,25.09367],[121.62622,25.09609],[121.62329,25.09693],[121.61741,25.10112],[121.61546,25.10384],[121.61038,25.10516],[121.608,25.10676],[121.59749,25.10951],[121.5956,25.11327],[121.5975,25.11621],[121.59887,25.12012],[121.60077,25.12185],[121.60172,25.12603],[121.60454,25.126],[121.60754,25.1292],[121.60464,25.13076],[121.60407,25.13618],[121.60064,25.13927],[121.59839,25.14031],[121.59577,25.14358],[121.59541,25.14631],[121.59373,25.15005],[121.58964,25.15215],[121.59159,25.15512],[121.59179,25.15758],[121.58987,25.16372],[121.58639,25.16351],[121.58247,25.16545],[121.57886,25.16561],[121.57707,25.167],[121.5773,25.16995],[121.58172,25.17379],[121.58328,25.17755],[121.58093,25.18207],[121.58277,25.18442],[121.58185,25.18579],[121.584,25.18879],[121.58306,25.19501],[121.58055,25.19535],[121.57896,25.1942],[121.57588,25.19555],[121.57175,25.19538],[121.57099,25.19717]]]},"properties":{"COUNTYNAME":"臺北市","COUNTYENG":"Taipei City","COUNTYCODE":"63000"}},
{"type":"Feature","geometry":{"type":"Polygon","coordinates":[[[121.70966,25.17656],[121.70719,25.17604],[121.70462,25.17684],[121.70273,25.18058],[121.69614,25.18176],[121.69267,25.18013],[121.69015,25.18228],[121.6877,25.18562],[121.68585,25.18953],[121.68587,25.19198],[121.6898,25.19658],[121.69233,25.19784],[121.69402,25.20177],[121.69191,25.20435],[121.6936,25.20775],[121.70049,25.21376],[121.70131,25.21749],[121.69618,25.2143],[121.69612,25.21301],[121.69267,25.20853],[121.69038,25.20822],[121.68727,25.20523],[121.68714,25.20796],[121.68416,25.20718],[121.68146,25.20429],[121.67849,25.20263],[121.67809,25.20595],[121.67246,25.20215],[121.6706,25.20272],[121.66428,25.20704],[121.6627,25.20741],[121.65586,25.2133],[121.65347,25.21628],[121.65018,25.22274],[121.65344,25.22895],[121.65135,25.23051],[121.65128,25.23333],[121.64774,25.23196],[121.64849,25.23009],[121.64273,25.23093],[121.6364,25.2364],[121.63389,25.24063],[121.63514,25.24518],[121.63589,25.25009],[121.63508,25.25666],[121.63413,25.26003],[121.62974,25.26679],[121.62313,25.27391],[121.61786,25.27814],[121.6157,25.27924],[121.60793,25.28145],[121.60631,25.28385],[121.6024,25.28771],[121.59794,25.2898],[121.59705,25.29158],[121.59065,25.29207],[121.58666,25.29342],[121.58261,25.29631],[121.57773,25.29889],[121.57447,25.29907],[121.56931,25.29845],[121.56717,25.29679],[121.56685,25.29505],[121.56031,25.29198],[121.5538,25.29302],[121.55039,25.29163],[121.54577,25.29235],[121.54122,25.29459],[121.54072,25.29785],[121.53816,25.29994],[121.53663,25.29998],[121.53376,25.29706],[121.5336,25.29499],[121.53484,25.29249],[121.53334,25.28987],[121.52594,25.28601],[121.5217,25.28687],[121.52083,25.28551],[121.51691,25.2849],[121.51402,25.28667],[121.51362,25.28936],[121.51186,25.2918],[121.5093,25.29131],[121.50835,25.28874],[121.50937,25.28344],[121.49548,25.27793],[121.49098,25.2747],[121.48665,25.27273],[121.48095,25.27088],[121.47703,25.26627],[121.47489,25.26061],[121.47157,25.25599],[121.46735,25.2533],[121.46251,25.25205],[121.45618,25.25316],[121.45269,25.25281],[121.44763,25.24666],[121.44582,25.24256],[121.44612,25.24036],[121.44341,25.23423],[121.44353,25.23252],[121.44089,25.22842],[121.43731,25.21967],[121.43592,25.21711],[121.43087,25.21589],[121.42868,25.21227],[121.42467,25.20792],[121.41894,25.19927],[121.41798,25.19373],[121.41875,25.19155],[121.41224,25.18994],[121.40999,25.19066],[121.40486,25.18983],[121.40391,25.18698],[121.4043,25.18309],[121.41637,25.18066],[121.41885,25.17741],[121.41412,25.17121],[121.41253,25.16848],[121.40781,25.16379],[121.40553,25.16043],[121.4023,25.15879],[121.39171,25.16799],[121.388,25.15204],[121.38977,25.14774],[121.38638,25.14592],[121.37947,25.143],[121.37166,25.141],[121.36733,25.13912],[121.36527,25.14017],[121.36448,25.13787],[121.35994,25.13475],[121.35543,25.13307],[121.35345,25.1316],[121.34689,25.12988],[121.34503,25.12842],[121.34171,25.12871],[121.33862,25.12696],[121.32686,25.12422],[121.32355,25.12426],[121.32014,25.12342],[121.31648,25.12411],[121.31346,25.12345],[121.31023,25.12374],[121.30952,25.12589],[121.30494,25.12611],[121.30415,25.12416],[121.30063,25.12521],[121.29877,25.1242],[121.29671,25.12617],[121.29618,25.12283],[121.29491,25.12082],[121.29135,25.11857],[121.28767,25.1179],[121.28339,25.11781],[121.2838,25.11212],[121.28269,25.11006],[121.28673,25.10704],[121.29033,25.10675],[121.29162,25.10264],[121.2955,25.10302],[121.29831,25.10449],[121.30122,25.10167],[121.30139,25.09848],[121.30285,25.09676],[121.31038,25.09655],[121.31824,25.09301],[121.32472,25.09262],[121.32805,25.09098],[121.33013,25.08825],[121.33638,25.0852],[121.33867,25.08363],[121.34151,25.08406],[121.3461,25.08366],[121.34894,25.08121],[121.3465,25.07953],[121.34592,25.07679],[121.34372,25.07507],[121.34153,25.07663],[121.34053,25.07408],[121.34269,25.07281],[121.34803,25.07382],[121.35113,25.0739],[121.35017,25.07147],[121.34741,25.07054],[121.35133,25.06825],[121.35377,25.06858],[121.35489,25.06515],[121.35821,25.06492],[121.36733,25.06514],[121.37668,25.06609],[121.38213,25.06431],[121.38291,25.06293],[121.38616,25.06325],[121.3883,25.06151],[121.38865,25.05698],[121.3862,25.05259],[121.39295,25.05398],[121.39744,25.05152],[121.39603,25.04856],[121.40007,25.04489],[121.39698,25.04346],[121.39265,25.04339],[121.39438,25.04009],[121.39879,25.03867],[121.4012,25.03637],[121.39877,25.03483],[121.39826,25.03017],[121.40069,25.02918],[121.40106,25.027],[121.40391,25.02516],[121.40463,25.02375],[121.41213,25.01884],[121.40755,25.01751],[121.40432,25.01723],[121.40163,25.01577],[121.39755,25.01623],[121.39262,25.01375],[121.39129,25.01225],[121.39362,25.00983],[121.39952,25.00697],[121.40014,25.00445],[121.40204,25.00253],[121.40324,24.99933],[121.39684,24.9973],[121.39647,24.99555],[121.39428,24.99351],[121.39084,24.99325],[121.38804,24.9964],[121.38406,24.99561],[121.38432,24.99177],[121.38368,24.98811],[121.38559,24.98653],[121.38213,24.9839],[121.37873,24.98319],[121.37681,24.9813],[121.3724,24.97994],[121.36879,24.97681],[121.36372,24.97959],[121.35775,24.97782],[121.35397,24.97784],[121.35235,24.98085],[121.34735,24.97883],[121.34272,24.9823],[121.34025,24.98009],[121.3366,24.98061],[121.33459,24.97905],[121.331,24.9793],[121.32719,24.97759],[121.32862,24.97632],[121.32744,24.97475],[121.32368,24.97282],[121.32514,24.97116],[121.32786,24.97281],[121.32859,24.96847],[121.32981,24.96689],[121.3281,24.96555],[121.32915,24.96058],[121.32813,24.95546],[121.32812,24.94887],[121.33159,24.94583],[121.33042,24.94453],[121.32501,24.94362],[121.31578,24.93847],[121.31833,24.9347],[121.32081,24.93352],[121.32322,24.93128],[121.32206,24.92804],[121.33098,24.9296],[121.3343,24.92972],[121.33782,24.92855],[121.3385,24.92718],[121.33425,24.92472],[121.32988,24.92498],[121.32461,24.92334],[121.31759,24.91636],[121.32312,24.91169],[121.32351,24.91],[121.32621,24.90918],[121.32626,24.90737],[121.32367,24.90442],[121.32181,24.90349],[121.32126,24.89994],[121.32245,24.89856],[121.32783,24.89592],[121.33064,24.89786],[121.33195,24.8999],[121.33358,24.89917],[121.33344,24.89657],[121.33225,24.89336],[121.33392,24.89155],[121.33837,24.89333],[121.34213,24.89259],[121.34137,24.88746],[121.34473,24.88576],[121.34563,24.88005],[121.34724,24.87868],[121.35058,24.87858],[121.3544,24.87323],[121.35312,24.8711],[121.34938,24.86876],[121.34592,24.86816],[121.34505,24.86694],[121.34652,24.86509],[121.34734,24.86207],[121.34932,24.8598],[121.35366,24.85841],[121.35428,24.8566],[121.35674,24.85359],[121.35479,24.85335],[121.35247,24.84907],[121.34852,24.84856],[121.34674,24.85021],[121.34197,24.84858],[121.33697,24.84821],[121.336,24.84393],[121.34016,24.84342],[121.34674,24.84589],[121.35482,24.84397],[121.35779,24.83952],[121.36006,24.83818],[121.36416,24.83813],[121.37282,24.83498],[121.37294,24.83356],[121.37789,24.83448],[121.38092,24.83649],[121.38455,24.83802],[121.38504,24.84081],[121.39367,24.84398],[121.39704,24.8438],[121.39799,24.84178],[121.40115,24.84194],[121.4027,24.84357],[121.40875,24.84068],[121.41032,24.83869],[121.41565,24.8355],[121.41385,24.83196],[121.41608,24.82874],[121.41759,24.82525],[121.42353,24.82547],[121.42504,24.8228],[121.42534,24.82004],[121.42999,24.81492],[121.43228,24.81348],[121.43644,24.8122],[121.43793,24.8042],[121.43805,24.8011],[121.4371,24.79818],[121.43827,24.79534],[121.446,24.79006],[121.44948,24.79106],[121.44884,24.78824],[121.44952,24.78594],[121.44611,24.78185],[121.44058,24.77914],[121.4381,24.77489],[121.43576,24.77296],[121.43143,24.77194],[121.42543,24.76696],[121.42343,24.76309],[121.42355,24.76168],[121.42592,24.7603],[121.42656,24.75615],[121.42849,24.75345],[121.42922,24.74995],[121.42875,24.7479],[121.43037,24.74346],[121.43199,24.74224],[121.43309,24.73919],[121.43298,24.73683],[121.43536,24.7329],[121.43428,24.73002],[121.43832,24.72659],[121.44096,24.72608],[121.44153,24.72314],[121.44515,24.71478],[121.44885,24.71188],[121.44912,24.70855],[121.45036,24.70558],[121.45651,24.70325],[121.46044,24.70259],[121.46365,24.70103],[121.46698,24.69773],[121.47424,24.6961],[121.47464,24.69266],[121.47304,24.68968],[121.4742,24.6848],[121.47549,24.68328],[121.4759,24.67939],[121.48,24.67385],[121.48501,24.67388],[121.48686,24.67517],[121.49273,24.67319],[121.49684,24.67552],[121.49918,24.67802],[121.50553,24.6799],[121.50747,24.68244],[121.51221,24.68448],[121.51481,24.68324],[121.5238,24.6833],[121.52699,24.68539],[121.52714,24.68852],[121.52913,24.68762],[121.53331,24.68842],[121.53687,24.68849],[121.5376,24.69011],[121.53751,24.69381],[121.53884,24.69459],[121.53785,24.69972],[121.54084,24.70231],[121.5434,24.70574],[121.54755,24.70627],[121.55031,24.70567],[121.55443,24.70837],[121.55638,24.71122],[121.55824,24.71093],[121.56326,24.71279],[121.56749,24.71151],[121.57046,24.71396],[121.57239,24.71041],[121.57481,24.71011],[121.57728,24.71487],[121.57782,24.72178],[121.57965,24.72232],[121.58347,24.72056],[121.58769,24.72033],[121.59043,24.72345],[121.59755,24.72767],[121.59784,24.72928],[121.59408,24.72926],[121.59501,24.73248],[121.59422,24.73467],[121.59536,24.73912],[121.59482,24.74095],[121.59192,24.74332],[121.59167,24.74492],[121.59438,24.74626],[121.59614,24.74823],[121.59459,24.75019],[121.59226,24.75031],[121.58996,24.75189],[121.58897,24.75515],[121.59082,24.75878],[121.59049,24.76074],[121.59344,24.76482],[121.59582,24.76648],[121.59557,24.76897],[121.59757,24.77255],[121.59447,24.77881],[121.5932,24.78259],[121.59344,24.78465],[121.59195,24.7875],[121.59899,24.78773],[121.60293,24.78944],[121.60564,24.78913],[121.60964,24.79377],[121.61334,24.7932],[121.61718,24.79383],[121.62044,24.79255],[121.6253,24.79496],[121.62602,24.7965],[121.62482,24.80161],[121.62612,24.80335],[121.62643,24.80577],[121.62805,24.808],[121.63006,24.80894],[121.63723,24.80944],[121.6388,24.81073],[121.64574,24.8097],[121.64748,24.81388],[121.65434,24.81115],[121.66021,24.81111],[121.66878,24.81693],[121.671,24.81686],[121.67393,24.81424],[121.67676,24.81412],[121.68076,24.81751],[121.68307,24.81691],[121.68627,24.81749],[121.68766,24.81607],[121.68933,24.81733],[121.68895,24.81933],[121.69011,24.82141],[121.68768,24.82434],[121.68891,24.8262],[121.69317,24.82791],[121.6964,24.83045],[121.69671,24.83373],[121.69909,24.83553],[121.70173,24.83435],[121.70326,24.8352],[121.70898,24.84058],[121.71427,24.84178],[121.71559,24.84435],[121.71865,24.84565],[121.72192,24.84985],[121.72483,24.85064],[121.72716,24.85314],[121.73051,24.85529],[121.73263,24.85582],[121.73825,24.8553],[121.74199,24.85246],[121.74578,24.85285],[121.74784,24.85491],[121.75291,24.85486],[121.75412,24.85626],[121.76099,24.8567],[121.76355,24.8599],[121.7654,24.86101],[121.76917,24.86592],[121.77115,24.86487],[121.77548,24.86512],[121.77519,24.86661],[121.7773,24.86972],[121.78493,24.87562],[121.78422,24.87766],[121.78224,24.87918],[121.7819,24.88242],[121.78223,24.88736],[121.78167,24.88939],[121.78541,24.8905],[121.78565,24.89231],[121.79001,24.89345],[121.79302,24.89624],[121.79209,24.89755],[121.79251,24.9],[121.79534,24.89985],[121.79628,24.90103],[121.80453,24.90117],[121.80621,24.90257],[121.8105,24.90366],[121.81169,24.90652],[121.81828,24.90272],[121.82239,24.90455],[121.82794,24.90533],[121.83182,24.90491],[121.83803,24.91006],[121.83955,24.91266],[121.84333,24.9154],[121.8456,24.91937],[121.85212,24.92374],[121.85398,24.92592],[121.85384,24.92791],[121.84915,24.93033],[121.84663,24.93784],[121.84244,24.93936],[121.83985,24.9422],[121.83924,24.94634],[121.84068,24.94787],[121.84177,24.95135],[121.84139,24.95416],[121.84348,24.9569],[121.84509,24.95767],[121.84718,24.96036],[121.85036,24.96118],[121.85257,24.95961],[121.85416,24.96127],[121.85881,24.9634],[121.86123,24.96366],[121.86516,24.96223],[121.87155,24.96072],[121.87623,24.96155],[121.88231,24.96413],[121.88473,24.96439],[121.88851,24.96318],[121.88945,24.96469],[121.8972,24.96707],[121.89943,24.96934],[121.90034,24.9718],[121.90283,24.97438],[121.90542,24.97342],[121.90684,24.97558],[121.91006,24.97476],[121.91248,24.97829],[121.91625,24.97947],[121.9223,24.9786],[121.9243,24.97937],[121.92856,24.97968],[121.93062,24.98103],[121.9335,24.9809],[121.93445,24.98314],[121.93755,24.98306],[121.94056,24.98453],[121.94393,24.98794],[121.9479,24.98666],[121.95039,24.98832],[121.95551,24.9883],[121.95815,24.9873],[121.95978,24.98837],[121.96282,24.98776],[121.96604,24.98308],[121.96772,24.98482],[121.97475,24.98529],[121.97608,24.98881],[121.97754,24.99007],[121.98092,24.99108],[121.98388,24.99056],[121.9893,24.99375],[121.99066,24.99573],[121.99668,25.00076],[122.00359,25.002],[122.00599,25.00332],[122.0053,25.00579],[122.00693,25.01085],[122.00523,25.01301],[122.00565,25.01453],[122.00182,25.01481],[121.99912,25.01961],[121.99627,25.01838],[121.99318,25.01425],[121.99017,25.02106],[121.98302,25.02492],[121.97789,25.02661],[121.97365,25.02656],[121.96993,25.02548],[121.96693,25.02392],[121.96487,25.02468],[121.96088,25.02299],[121.95214,25.02224],[121.94711,25.02106],[121.94225,25.02464],[121.93456,25.03236],[121.92896,25.041],[121.93023,25.04562],[121.92895,25.04624],[121.92976,25.05135],[121.93157,25.05411],[121.93066,25.05991],[121.93172,25.06312],[121.92815,25.06882],[121.92846,25.07087],[121.9255,25.07204],[121.91985,25.0763],[121.91666,25.07597],[121.91536,25.07808],[121.91687,25.0814],[121.91442,25.08548],[121.91443,25.08975],[121.91737,25.09425],[121.91959,25.09485],[121.91972,25.09769],[121.91856,25.10022],[121.92051,25.10333],[121.92546,25.1061],[121.92655,25.10815],[121.9232,25.11328],[121.92127,25.11368],[121.91861,25.11251],[121.91604,25.11386],[121.91695,25.11618],[121.92082,25.11746],[121.92121,25.12132],[121.92414,25.12404],[121.92679,25.12884],[121.92402,25.13012],[121.91891,25.1276],[121.91648,25.12726],[121.91505,25.12439],[121.91031,25.12336],[121.90453,25.12432],[121.90443,25.12329],[121.90076,25.12078],[121.89707,25.11969],[121.89503,25.12037],[121.88933,25.12012],[121.88837,25.12255],[121.8863,25.12248],[121.88302,25.12404],[121.87932,25.12308],[121.87742,25.12504],[121.87373,25.12539],[121.87151,25.1238],[121.86953,25.12522],[121.86851,25.12314],[121.86504,25.12314],[121.86406,25.12421],[121.85608,25.12481],[121.84895,25.12725],[121.84536,25.12715],[121.84186,25.12886],[121.83945,25.12806],[121.83496,25.12852],[121.83375,25.12701],[121.83028,25.12779],[121.8285,25.12728],[121.82957,25.12437],[121.8284,25.12297],[121.8254,25.12173],[121.82254,25.12144],[121.81988,25.12422],[121.8191,25.12681],[121.81976,25.12936],[121.82583,25.1347],[121.82626,25.13611],[121.82187,25.13603],[121.81808,25.13425],[121.81542,25.13476],[121.81043,25.1331],[121.80685,25.13562],[121.80351,25.1362],[121.80253,25.13433],[121.80535,25.13112],[121.80386,25.12723],[121.80499,25.12579],[121.80237,25.12177],[121.79891,25.12437],[121.79466,25.12642],[121.79421,25.12335],[121.79708,25.12128],[121.79762,25.11982],[121.79777,25.11431],[121.79468,25.11257],[121.79016,25.11226],[121.78602,25.11812],[121.78354,25.11659],[121.77611,25.1186],[121.77297,25.12011],[121.76973,25.11497],[121.76691,25.11252],[121.76329,25.11344],[121.75939,25.11259],[121.75702,25.11013],[121.75178,25.111],[121.75003,25.10972],[121.75089,25.10774],[121.7539,25.10867],[121.75606,25.10841],[121.75741,25.10663],[121.75803,25.10337],[121.75678,25.10188],[121.75961,25.10078],[121.75945,25.09628],[121.75836,25.09477],[121.75982,25.09024],[121.75913,25.08448],[121.76003,25.08102],[121.76169,25.07839],[121.76709,25.07877],[121.77131,25.07614],[121.7757,25.07],[121.77305,25.06684],[121.77173,25.06321],[121.77001,25.06349],[121.76481,25.05954],[121.76403,25.05744],[121.76234,25.05698],[121.75929,25.05945],[121.75083,25.05704],[121.74763,25.05372],[121.74591,25.05299],[121.7398,25.05306],[121.73784,25.05466],[121.7348,25.05416],[121.7323,25.05277],[121.7284,25.05475],[121.72621,25.05812],[121.7227,25.05847],[121.72199,25.06011],[121.719,25.06164],[121.71782,25.06382],[121.71237,25.06803],[121.70929,25.06769],[121.70688,25.06659],[121.70427,25.06793],[121.69936,25.06745],[121.69649,25.0701],[121.69165,25.07046],[121.68842,25.07174],[121.67922,25.07854],[121.68154,25.08442],[121.68174,25.08711],[121.67862,25.08725],[121.67403,25.08292],[121.66791,25.08576],[121.66429,25.08943],[121.66194,25.08935],[121.66091,25.09089],[121.65838,25.09158],[121.65569,25.09361],[121.65538,25.09562],[121.65058,25.09872],[121.64894,25.10191],[121.65223,25.10468],[121.65016,25.10964],[121.64624,25.11363],[121.64569,25.11903],[121.64624,25.12105],[121.64303,25.12783],[121.63795,25.13082],[121.63466,25.13047],[121.62867,25.13468],[121.6268,25.13962],[121.62931,25.14176],[121.63453,25.14389],[121.63677,25.14362],[121.63957,25.14568],[121.6424,25.14496],[121.64401,25.14575],[121.64987,25.1451],[121.65202,25.14841],[121.65579,25.14921],[121.65813,25.15215],[121.66383,25.15219],[121.6692,25.1534],[121.67147,25.15556],[121.67766,25.15581],[121.6784,25.15743],[121.68332,25.16064],[121.68483,25.1601],[121.6876,25.16189],[121.68883,25.16409],[121.69108,25.16482],[121.69129,25.16632],[121.69895,25.16722],[121.70096,25.16935],[121.70225,25.17352],[121.70598,25.17383],[121.70966,25.17656]],[[121.57099,25.19717],[121.57175,25.19538],[121.57588,25.19555],[121.57896,25.1942],[121.58055,25.19535],[121.58306,25.19501],[121.584,25.18879],[121.58185,25.18579],[121.58277,25.18442],[121.58093,25.18207],[121.58328,25.17755],[121.58172,25.17379],[121.5773,25.16995],[121.57707,25.167],[121.57886,25.16561],[121.58247,25.16545],[121.58639,25.16351],[121.58987,25.16372],[121.59179,25.15758],[121.59159,25.15512],[121.58964,25.15215],[121.59373,25.15005],[121.59541,25.14631],[121.59577,25.14358],[121.59839,25.14031],[121.60064,25.13927],[121.60407,25.13618],[121.60464,25.13076],[121.60754,25.1292],[121.60454,25.126],[121.60172,25.12603],[121.60077,25.12185],[121.59887,25.12012],[121.5975,25.11621],[121.5956,25.11327],[121.59749,25.10951],[121.608,25.10676],[121.61038,25.10516],[121.61546,25.10384],[121.61741,25.10112],[121.62329,25.09693],[121.62622,25.09609],[121.62506,25.09367],[121.62599,25.09052],[121.62807,25.08839],[121.62861,25.08647],[121.62798,25.08325],[121.62432,25.08042],[121.62277,25.07466],[121.6207,25.07339],[121.62147,25.06955],[121.61759,25.06715],[121.61613,25.06392],[121.61868,25.063],[121.62165,25.06034],[121.62426,25.05574],[121.62165,25.05651],[121.62103,25.05369],[121.61631,25.05055],[121.61646,25.04815],[121.61906,25.04354],[121.62195,25.04005],[121.6253,25.03767],[121.62948,25.03673],[121.63014,25.03515],[121.6329,25.03584],[121.63808,25.03359],[121.63991,25.03201],[121.64405,25.02991],[121.65024,25.02763],[121.65682,25.02794],[121.6608,25.03045],[121.66594,25.02988],[121.66538,25.02602],[121.66405,25.02317],[121.65774,25.02325],[121.65382,25.02442],[121.64991,25.02397],[121.64705,25.02187],[121.64298,25.02456],[121.64081,25.02349],[121.63751,25.02407],[121.63569,25.02321],[121.63245,25.02563],[121.63094,25.02473],[121.62899,25.02],[121.62249,25.01738],[121.62062,25.01835],[121.6174,25.01845],[121.61608,25.0197],[121.6135,25.01915],[121.60874,25.0205],[121.60821,25.01944],[121.60413,25.01909],[121.60271,25.01514],[121.59753,25.01478],[121.59564,25.00716],[121.59586,25.00486],[121.59789,25.00414],[121.60056,25.00071],[121.60054,24.99851],[121.59814,24.99449],[121.59906,24.99175],[121.60187,24.99044],[121.60186,24.98797],[121.59988,24.98648],[121.60066,24.98031],[121.59933,24.97868],[121.60019,24.97694],[121.60512,24.97443],[121.61125,24.97461],[121.61414,24.97359],[121.6162,24.97167],[121.61919,24.9706],[121.61964,24.96716],[121.61707,24.96748],[121.61367,24.96644],[121.60847,24.96319],[121.60525,24.963],[121.60108,24.96088],[121.59708,24.9605],[121.59483,24.96158],[121.5934,24.96421],[121.59117,24.96461],[121.58861,24.96335],[121.58573,24.9632],[121.58441,24.96459],[121.5822,24.96476],[121.57864,24.96659],[121.57456,24.96684],[121.57298,24.96412],[121.57039,24.96444],[121.56508,24.96408],[121.56122,24.96471],[121.55848,24.96853],[121.55748,24.97226],[121.5561,24.97338],[121.5552,24.97653],[121.55368,24.97742],[121.55305,24.98075],[121.55391,24.98436],[121.55263,24.9867],[121.54903,24.98376],[121.54486,24.98378],[121.54481,24.98703],[121.54387,24.98828],[121.54002,24.98775],[121.53685,24.98873],[121.53711,24.99153],[121.53626,24.99408],[121.53435,24.99332],[121.5317,24.99051],[121.53164,24.99473],[121.53051,24.99801],[121.53163,25.00119],[121.53387,25.0036],[121.53215,25.00813],[121.53046,25.00984],[121.52575,25.01187],[121.52113,25.01811],[121.5193,25.01954],[121.51197,25.02181],[121.50912,25.02134],[121.50614,25.01879],[121.50027,25.01195],[121.4953,25.0093],[121.49266,25.00953],[121.48956,25.01318],[121.48876,25.01532],[121.4884,25.02102],[121.4888,25.02335],[121.48494,25.03148],[121.48364,25.0353],[121.4851,25.03911],[121.48882,25.04257],[121.49566,25.04296],[121.50136,25.04595],[121.50467,25.04979],[121.50623,25.05363],[121.50564,25.06077],[121.50682,25.06472],[121.50705,25.06988],[121.50617,25.07441],[121.50264,25.08296],[121.49977,25.08723],[121.4926,25.09346],[121.4891,25.09686],[121.48607,25.09877],[121.48108,25.10088],[121.47829,25.1014],[121.46638,25.10166],[121.4614,25.10385],[121.45733,25.1071],[121.45767,25.11022],[121.46094,25.1162],[121.45937,25.12192],[121.46456,25.12472],[121.4643,25.12757],[121.46561,25.13155],[121.46896,25.13563],[121.47196,25.13773],[121.47302,25.13974],[121.47659,25.14367],[121.48051,25.14674],[121.48286,25.15022],[121.48646,25.15077],[121.49276,25.16076],[121.49744,25.16373],[121.49914,25.16563],[121.5004,25.1686],[121.50175,25.16929],[121.50273,25.17279],[121.50485,25.17325],[121.50706,25.17116],[121.51042,25.16944],[121.51302,25.17095],[121.52006,25.1694],[121.52256,25.17468],[121.5217,25.179],[121.52568,25.18276],[121.53337,25.18358],[121.53581,25.18667],[121.5407,25.18715],[121.54283,25.18895],[121.54324,25.19365],[121.54632,25.19697],[121.54906,25.19812],[121.5507,25.19711],[121.5526,25.19881],[121.55151,25.20211],[121.55312,25.2042],[121.55501,25.20843],[121.55975,25.21017],[121.56275,25.20929],[121.56441,25.20476],[121.5649,25.20094],[121.56636,25.19955],[121.56994,25.19829],[121.57099,25.19717]]]},"properties":{"COUNTYNAME":"新北市","COUNTYENG":"New Taipei City","COUNTYCODE":"65000"}},
{"type":"Feature","geometry":{"type":"Polygon","coordinates":[[[120.65344,23.22454],[120.65138,23.22409],[120.64823,23.22554],[120.64691,23.22713],[120.64417,23.22532],[120.63891,23.22795],[120.63339,23.22862],[120.63106,23.22953],[120.62821,23.22944],[120.62497,23.22728],[120.6186,23.22575],[120.61671,23.22355],[120.61285,23.22395],[120.60971,23.22273],[120.60604,23.22589],[120.60272,23.22608],[120.59878,23.22799],[120.59689,23.22974],[120.59643,23.23504],[120.5938,23.23942],[120.59235,23.23974],[120.5917,23.23612],[120.59014,23.23389],[120.58655,23.22409],[120.5849,23.22325],[120.58199,23.22009],[120.57968,23.21899],[120.57852,23.21525],[120.57471,23.21777],[120.57103,23.21821],[120.56529,23.22098],[120.56137,23.21741],[120.55808,23.21682],[120.55488,23.21758],[120.55241,23.22032],[120.54978,23.22134],[120.54872,23.22381],[120.54151,23.22783],[120.53976,23.22767],[120.53621,23.22917],[120.53196,23.22967],[120.53117,23.23181],[120.52959,23.23257],[120.52682,23.23093],[120.51904,23.23926],[120.52431,23.24212],[120.52791,23.24536],[120.52997,23.24795],[120.53229,23.25514],[120.52925,23.25801],[120.52841,23.26223],[120.52669,23.26401],[120.52609,23.26649],[120.52254,23.26925],[120.52043,23.27178],[120.52222,23.27396],[120.52113,23.27993],[120.52271,23.28142],[120.52291,23.28461],[120.52185,23.28795],[120.52446,23.29154],[120.52601,23.29223],[120.52627,23.29585],[120.52388,23.30239],[120.52336,23.3087],[120.52261,23.31189],[120.52389,23.31335],[120.52728,23.31464],[120.53149,23.31791],[120.53195,23.32115],[120.53596,23.32425],[120.53706,23.32654],[120.54,23.32787],[120.53681,23.33326],[120.53404,23.33577],[120.53029,23.33806],[120.52693,23.33939],[120.52454,23.33831],[120.52311,23.34068],[120.52068,23.34195],[120.51859,23.34197],[120.51551,23.34375],[120.512,23.34413],[120.50771,23.34304],[120.50445,23.34654],[120.50464,23.34935],[120.5036,23.35103],[120.50481,23.35481],[120.50809,23.35276],[120.51084,23.354],[120.51236,23.35567],[120.51243,23.35983],[120.5089,23.36459],[120.50484,23.3689],[120.5026,23.36954],[120.5014,23.36775],[120.49427,23.36949],[120.49143,23.37246],[120.48824,23.373],[120.48709,23.37105],[120.48394,23.36957],[120.483,23.37164],[120.48384,23.37825],[120.48538,23.38025],[120.49452,23.38431],[120.49682,23.38425],[120.49922,23.38786],[120.49711,23.38938],[120.4975,23.39123],[120.49337,23.39481],[120.49094,23.39556],[120.48567,23.39144],[120.4838,23.39127],[120.48265,23.38946],[120.47942,23.38759],[120.47747,23.39071],[120.47526,23.39137],[120.47607,23.39404],[120.47405,23.39734],[120.46952,23.3994],[120.46883,23.40051],[120.46495,23.40077],[120.46084,23.40372],[120.45546,23.40666],[120.45269,23.40678],[120.45179,23.40829],[120.44438,23.41109],[120.44156,23.41316],[120.43836,23.41339],[120.43449,23.4122],[120.43211,23.41069],[120.43159,23.40775],[120.42341,23.40642],[120.42207,23.4071],[120.42034,23.40384],[120.41837,23.40629],[120.41813,23.40814],[120.4163,23.41042],[120.414,23.41115],[120.41017,23.41041],[120.40942,23.41243],[120.40471,23.41028],[120.39636,23.40735],[120.38599,23.4045],[120.38104,23.40344],[120.35962,23.40264],[120.35343,23.40121],[120.34952,23.40132],[120.34633,23.40038],[120.34302,23.39817],[120.34294,23.39669],[120.33318,23.38581],[120.32996,23.3854],[120.32869,23.38612],[120.32169,23.38359],[120.31784,23.38843],[120.31487,23.3885],[120.311,23.38557],[120.31034,23.3831],[120.31095,23.37544],[120.30796,23.37495],[120.3029,23.37594],[120.29936,23.37534],[120.29296,23.37538],[120.28947,23.3709],[120.28569,23.36693],[120.28375,23.3618],[120.28383,23.35866],[120.28597,23.35423],[120.28613,23.35021],[120.28141,23.34823],[120.27849,23.34769],[120.27629,23.34821],[120.27389,23.35245],[120.27049,23.35369],[120.26829,23.35358],[120.26565,23.35224],[120.26071,23.34447],[120.26366,23.34509],[120.26753,23.34473],[120.26708,23.34069],[120.2583,23.33279],[120.25515,23.33062],[120.24922,23.32893],[120.24507,23.3268],[120.23809,23.32707],[120.23555,23.32327],[120.23451,23.32025],[120.23131,23.31633],[120.22808,23.30958],[120.22767,23.30676],[120.22589,23.30323],[120.22087,23.296],[120.2144,23.29244],[120.21183,23.29271],[120.20861,23.29129],[120.20428,23.2919],[120.19912,23.29466],[120.19169,23.30027],[120.18841,23.30123],[120.1858,23.29697],[120.18635,23.29521],[120.18936,23.29235],[120.18905,23.29022],[120.18384,23.29032],[120.17868,23.29173],[120.17566,23.29443],[120.17392,23.2999],[120.17095,23.30458],[120.1662,23.30846],[120.16032,23.31064],[120.15677,23.30999],[120.1543,23.31302],[120.15,23.31307],[120.14857,23.31444],[120.14852,23.31975],[120.14549,23.32228],[120.13662,23.32812],[120.13229,23.32976],[120.11808,23.34016],[120.11727,23.33869],[120.11401,23.33625],[120.11102,23.33183],[120.11111,23.33043],[120.1136,23.3222],[120.11255,23.31558],[120.11081,23.3104],[120.10684,23.30528],[120.10311,23.30452],[120.10187,23.30228],[120.09632,23.29909],[120.09433,23.295],[120.09503,23.28838],[120.09497,23.28038],[120.09337,23.26538],[120.09209,23.25927],[120.08935,23.24963],[120.08773,23.24656],[120.08387,23.24204],[120.08062,23.23757],[120.08021,23.23509],[120.08102,23.23163],[120.08066,23.22912],[120.08182,23.22562],[120.08186,23.22229],[120.08019,23.21152],[120.08005,23.20901],[120.07751,23.20047],[120.07337,23.19333],[120.06959,23.18496],[120.0696,23.18277],[120.06764,23.17949],[120.0635,23.17094],[120.06051,23.16357],[120.0583,23.15499],[120.05611,23.13842],[120.05558,23.13623],[120.05298,23.13149],[120.05308,23.12826],[120.05211,23.12595],[120.04766,23.12272],[120.04394,23.11919],[120.04172,23.11454],[120.03882,23.11031],[120.03526,23.10255],[120.03317,23.09497],[120.03184,23.08775],[120.0279,23.07517],[120.02815,23.07251],[120.02691,23.06793],[120.02855,23.06653],[120.03415,23.06745],[120.03719,23.06712],[120.03898,23.06805],[120.044,23.06167],[120.04626,23.05742],[120.04983,23.05221],[120.0542,23.04694],[120.05796,23.0431],[120.06189,23.04425],[120.06517,23.04325],[120.06771,23.04097],[120.07302,23.03945],[120.08058,23.03562],[120.08713,23.03265],[120.09414,23.02882],[120.09723,23.0266],[120.10397,23.02278],[120.1102,23.01886],[120.12109,23.01004],[120.13109,23.00247],[120.13474,22.99943],[120.1391,22.99771],[120.14109,22.99598],[120.14035,22.99334],[120.14749,22.98778],[120.15001,22.9842],[120.15324,22.98137],[120.15868,22.97488],[120.15979,22.97122],[120.15544,22.96751],[120.15536,22.96474],[120.15967,22.96355],[120.16264,22.96499],[120.16457,22.96171],[120.16852,22.95713],[120.17201,22.94969],[120.17371,22.94326],[120.17518,22.93298],[120.17491,22.9268],[120.173,22.91929],[120.17405,22.91442],[120.17685,22.91264],[120.17475,22.9117],[120.17675,22.91234],[120.18246,22.91707],[120.18657,22.91965],[120.19206,22.92119],[120.19586,22.91961],[120.20179,22.91571],[120.20605,22.91469],[120.20807,22.91524],[120.21108,22.91249],[120.21439,22.91048],[120.22012,22.9096],[120.22255,22.91134],[120.22586,22.9155],[120.2275,22.91672],[120.23042,22.91669],[120.23169,22.9154],[120.23157,22.90866],[120.23321,22.9054],[120.23617,22.90509],[120.24286,22.90351],[120.24761,22.89819],[120.25257,22.89486],[120.25647,22.89401],[120.25856,22.895],[120.25888,22.89663],[120.25694,22.89897],[120.25793,22.90165],[120.26054,22.90176],[120.26957,22.89681],[120.27428,22.89525],[120.2795,22.89629],[120.27799,22.90133],[120.27799,22.90441],[120.27987,22.90488],[120.28457,22.90472],[120.2933,22.9029],[120.29911,22.90108],[120.30341,22.90042],[120.30911,22.90057],[120.31568,22.89913],[120.31922,22.89511],[120.32094,22.89563],[120.32405,22.90023],[120.32704,22.89846],[120.33078,22.89069],[120.33249,22.88926],[120.34514,22.88944],[120.34889,22.89058],[120.35096,22.88914],[120.35452,22.89002],[120.3537,22.89244],[120.3577,22.89458],[120.35797,22.89586],[120.36105,22.89792],[120.35947,22.90142],[120.36599,22.90223],[120.36572,22.90452],[120.36896,22.90568],[120.37239,22.90798],[120.37296,22.91236],[120.37419,22.91431],[120.37679,22.91488],[120.37753,22.91821],[120.38035,22.91861],[120.38249,22.92056],[120.38656,22.91828],[120.39072,22.92169],[120.39591,22.92274],[120.39901,22.92228],[120.40044,22.91903],[120.40193,22.91817],[120.40533,22.91816],[120.40632,22.91465],[120.40874,22.91238],[120.40974,22.9138],[120.41651,22.91637],[120.41806,22.92071],[120.41995,22.92299],[120.42207,22.92755],[120.42276,22.93096],[120.42489,22.93317],[120.42615,22.93935],[120.4284,22.94046],[120.43072,22.94845],[120.43269,22.95255],[120.43296,22.95595],[120.43729,22.96228],[120.43777,22.96461],[120.44219,22.97393],[120.44264,22.97732],[120.44519,22.97948],[120.44963,22.97724],[120.45315,22.9786],[120.45466,22.98063],[120.45476,22.98256],[120.45319,22.98481],[120.45351,22.98734],[120.45529,22.99114],[120.45963,22.9899],[120.46107,22.99225],[120.4591,22.99586],[120.46148,22.99812],[120.45964,23.00184],[120.46085,23.00394],[120.46721,23.00356],[120.47055,23.00238],[120.47829,23.00351],[120.48036,23.00627],[120.48152,23.01218],[120.48267,23.01558],[120.48577,23.01835],[120.49199,23.02125],[120.50372,23.02865],[120.50867,23.03482],[120.51129,23.03616],[120.51628,23.04184],[120.52016,23.04531],[120.5222,23.04564],[120.52367,23.04765],[120.52303,23.04957],[120.53022,23.05592],[120.53513,23.05741],[120.53769,23.05885],[120.53801,23.06075],[120.54237,23.06337],[120.54563,23.06412],[120.54833,23.06601],[120.5545,23.06883],[120.55919,23.0739],[120.55866,23.07532],[120.56539,23.08069],[120.5691,23.08436],[120.5731,23.08979],[120.57479,23.09142],[120.57405,23.09464],[120.57562,23.09558],[120.57722,23.09946],[120.58319,23.10804],[120.58689,23.11216],[120.58816,23.11432],[120.58868,23.12042],[120.58843,23.12327],[120.5905,23.1272],[120.59478,23.13182],[120.59628,23.13686],[120.59755,23.1374],[120.599,23.14106],[120.60111,23.14417],[120.60379,23.14492],[120.6074,23.14828],[120.61185,23.1517],[120.61234,23.15361],[120.61112,23.15576],[120.61343,23.15925],[120.61492,23.15947],[120.61663,23.16313],[120.62051,23.16282],[120.62295,23.16394],[120.62523,23.16776],[120.62702,23.16797],[120.63106,23.17042],[120.62944,23.17325],[120.62985,23.17448],[120.63617,23.1751],[120.63745,23.17853],[120.6373,23.1804],[120.64016,23.18337],[120.6384,23.18568],[120.63657,23.19013],[120.63895,23.19316],[120.64097,23.19877],[120.64266,23.20016],[120.64331,23.20332],[120.6462,23.20707],[120.64836,23.20858],[120.65142,23.20848],[120.65309,23.21185],[120.65396,23.21554],[120.65625,23.21764],[120.65517,23.22348],[120.65344,23.22454]]]},"properties":{"COUNTYNAME":"臺南市","COUNTYENG":"Tainan City","COUNTYCODE":"67000"}},
{"type":"Feature","geometry":{"type":"Polygon","coordinates":[[[121.28339,25.11781],[121.278,25.11838],[121.26902,25.11992],[121.25978,25.12361],[121.25762,25.12208],[121.2496,25.12022],[121.2469,25.11894],[121.24395,25.11855],[121.24197,25.11951],[121.24145,25.12204],[121.23918,25.12074],[121.23962,25.11565],[121.23643,25.11604],[121.2294,25.11519],[121.22011,25.11189],[121.21671,25.11164],[121.21208,25.10996],[121.21141,25.10876],[121.20825,25.10797],[121.20119,25.10454],[121.19775,25.10408],[121.19725,25.10233],[121.19303,25.10178],[121.18713,25.09726],[121.18431,25.09585],[121.17474,25.09368],[121.17009,25.09024],[121.16807,25.08982],[121.16461,25.08738],[121.15719,25.08439],[121.14587,25.08109],[121.13743,25.07949],[121.13261,25.07814],[121.12501,25.0768],[121.10926,25.07121],[121.10526,25.06924],[121.10023,25.06762],[121.09395,25.06284],[121.09002,25.06299],[121.08788,25.05963],[121.08665,25.05644],[121.08473,25.05601],[121.0721,25.04987],[121.06599,25.04924],[121.05895,25.04745],[121.05196,25.04352],[121.04658,25.03845],[121.04378,25.03465],[121.03854,25.03088],[121.02863,25.02058],[121.02538,25.01461],[121.02005,25.0082],[121.01796,25.00367],[121.01715,24.99835],[121.01622,24.99536],[121.01434,24.9926],[121.01045,24.98883],[121.01121,24.9841],[121.01101,24.97835],[121.0099,24.97505],[121.0077,24.97209],[121.0035,24.96761],[120.99843,24.95857],[120.99362,24.95549],[120.98646,24.94827],[120.98478,24.94362],[120.98203,24.93997],[120.98738,24.93905],[120.98991,24.93603],[120.99266,24.93689],[120.9942,24.93914],[120.99907,24.94092],[121.00314,24.94026],[121.00426,24.94312],[121.00661,24.94594],[121.00956,24.94425],[121.01194,24.9448],[121.01268,24.94314],[121.01937,24.94042],[121.0212,24.94138],[121.02594,24.94057],[121.02879,24.9451],[121.03021,24.94424],[121.03866,24.946],[121.04082,24.9433],[121.04452,24.94352],[121.04795,24.94126],[121.04809,24.93993],[121.05177,24.93862],[121.05545,24.93624],[121.0582,24.93674],[121.05766,24.93303],[121.05966,24.92576],[121.06075,24.92452],[121.06086,24.92033],[121.05824,24.9139],[121.05814,24.91035],[121.05912,24.90718],[121.05759,24.90583],[121.06142,24.90381],[121.06804,24.90319],[121.07033,24.90205],[121.07106,24.89951],[121.07362,24.89991],[121.07712,24.89869],[121.08345,24.89885],[121.08655,24.89652],[121.08943,24.89538],[121.09128,24.89336],[121.10131,24.89515],[121.10908,24.89774],[121.11011,24.89607],[121.11098,24.89099],[121.10873,24.88595],[121.1135,24.88256],[121.11501,24.88255],[121.12033,24.88071],[121.12398,24.87993],[121.12815,24.88095],[121.12941,24.87981],[121.13355,24.8795],[121.13441,24.87832],[121.13885,24.88236],[121.14557,24.88082],[121.14928,24.88122],[121.15236,24.88021],[121.15567,24.88071],[121.15788,24.87727],[121.15792,24.87445],[121.16079,24.86314],[121.16039,24.86075],[121.16138,24.85947],[121.15677,24.85614],[121.15548,24.84986],[121.15382,24.849],[121.15284,24.84616],[121.15492,24.84219],[121.15952,24.83858],[121.16581,24.83589],[121.16886,24.83397],[121.16992,24.83481],[121.1763,24.83199],[121.17375,24.82765],[121.17684,24.82729],[121.18313,24.82505],[121.18909,24.82208],[121.19205,24.81996],[121.19652,24.81781],[121.19892,24.81492],[121.20176,24.81791],[121.20345,24.81413],[121.20566,24.81305],[121.20304,24.81078],[121.20449,24.80835],[121.20765,24.80699],[121.20959,24.80951],[121.21704,24.81242],[121.21968,24.81169],[121.21876,24.80852],[121.21994,24.80744],[121.21963,24.80408],[121.22086,24.80299],[121.22157,24.79941],[121.22805,24.80275],[121.2344,24.80426],[121.23824,24.80465],[121.2409,24.80587],[121.24344,24.80869],[121.24542,24.80696],[121.24744,24.80349],[121.24664,24.80019],[121.24784,24.79662],[121.25037,24.79567],[121.25214,24.79395],[121.25779,24.79283],[121.25975,24.79368],[121.26121,24.79032],[121.25849,24.78508],[121.26008,24.78191],[121.26463,24.78138],[121.27117,24.77787],[121.2713,24.77482],[121.27355,24.77459],[121.27742,24.77092],[121.2843,24.77037],[121.2882,24.76853],[121.29264,24.76751],[121.29387,24.76404],[121.2986,24.76292],[121.3003,24.76355],[121.30381,24.75791],[121.30772,24.75498],[121.30511,24.7502],[121.30529,24.74628],[121.30154,24.74264],[121.3002,24.73772],[121.29812,24.73323],[121.29867,24.73071],[121.30067,24.72967],[121.30566,24.72406],[121.30762,24.7199],[121.30641,24.71308],[121.30328,24.70839],[121.30226,24.70191],[121.29949,24.69557],[121.30082,24.69396],[121.3039,24.69292],[121.30682,24.69408],[121.31321,24.69766],[121.31818,24.69799],[121.31941,24.69636],[121.32306,24.69537],[121.32637,24.69367],[121.3294,24.69133],[121.33575,24.68378],[121.33899,24.67907],[121.33985,24.67039],[121.3391,24.66674],[121.34041,24.66644],[121.34245,24.66885],[121.34434,24.66894],[121.34576,24.66649],[121.34829,24.66782],[121.35046,24.66652],[121.35323,24.66632],[121.35371,24.66474],[121.3531,24.66021],[121.35382,24.65905],[121.35222,24.65275],[121.35301,24.64878],[121.3524,24.64354],[121.35593,24.64105],[121.35739,24.6376],[121.35782,24.63371],[121.36099,24.63379],[121.36563,24.63175],[121.36538,24.62831],[121.36328,24.623],[121.35886,24.61737],[121.35949,24.61384],[121.36114,24.61245],[121.36123,24.61008],[121.36369,24.60788],[121.36432,24.60586],[121.36333,24.60313],[121.36734,24.59877],[121.37197,24.59685],[121.37278,24.59375],[121.38304,24.58944],[121.38757,24.5865],[121.39133,24.58646],[121.39461,24.58744],[121.39574,24.58893],[121.40305,24.59171],[121.40819,24.59807],[121.41185,24.60048],[121.41278,24.60365],[121.41529,24.60196],[121.41829,24.60103],[121.42457,24.60311],[121.42781,24.60609],[121.43062,24.61451],[121.43225,24.61528],[121.43362,24.61891],[121.43569,24.62155],[121.43484,24.62446],[121.43576,24.62667],[121.44055,24.6351],[121.44502,24.6373],[121.44559,24.63989],[121.44499,24.64295],[121.44837,24.64567],[121.45138,24.65106],[121.44793,24.65511],[121.44775,24.65837],[121.44959,24.66222],[121.45391,24.6644],[121.45503,24.66786],[121.4595,24.67316],[121.46114,24.67271],[121.46971,24.67195],[121.47238,24.67315],[121.48,24.67385],[121.4759,24.67939],[121.47549,24.68328],[121.4742,24.6848],[121.47304,24.68968],[121.47464,24.69266],[121.47424,24.6961],[121.46698,24.69773],[121.46365,24.70103],[121.46044,24.70259],[121.45651,24.70325],[121.45036,24.70558],[121.44912,24.70855],[121.44885,24.71188],[121.44515,24.71478],[121.44153,24.72314],[121.44096,24.72608],[121.43832,24.72659],[121.43428,24.73002],[121.43536,24.7329],[121.43298,24.73683],[121.43309,24.73919],[121.43199,24.74224],[121.43037,24.74346],[121.42875,24.7479],[121.42922,24.74995],[121.42849,24.75345],[121.42656,24.75615],[121.42592,24.7603],[121.42355,24.76168],[121.42343,24.76309],[121.42543,24.76696],[121.43143,24.77194],[121.43576,24.77296],[121.4381,24.77489],[121.44058,24.77914],[121.44611,24.78185],[121.44952,24.78594],[121.44884,24.78824],[121.44948,24.79106],[121.446,24.79006],[121.43827,24.79534],[121.4371,24.79818],[121.43805,24.8011],[121.43793,24.8042],[121.43644,24.8122],[121.43228,24.81348],[121.42999,24.81492],[121.42534,24.82004],[121.42504,24.8228],[121.42353,24.82547],[121.41759,24.82525],[121.41608,24.82874],[121.41385,24.83196],[121.41565,24.8355],[121.41032,24.83869],[121.40875,24.84068],[121.4027,24.84357],[121.40115,24.84194],[121.39799,24.84178],[121.39704,24.8438],[121.39367,24.84398],[121.38504,24.84081],[121.38455,24.83802],[121.38092,24.83649],[121.37789,24.83448],[121.37294,24.83356],[121.37282,24.83498],[121.36416,24.83813],[121.36006,24.83818],[121.35779,24.83952],[121.35482,24.84397],[121.34674,24.84589],[121.34016,24.84342],[121.336,24.84393],[121.33697,24.84821],[121.34197,24.84858],[121.34674,24.85021],[121.34852,24.84856],[121.35247,24.84907],[121.35479,24.85335],[121.35674,24.85359],[121.35428,24.8566],[121.35366,24.85841],[121.34932,24.8598],[121.34734,24.86207],[121.34652,24.86509],[121.34505,24.86694],[121.34592,24.86816],[121.34938,24.86876],[121.35312,24.8711],[121.3544,24.87323],[121.35058,24.87858],[121.34724,24.87868],[121.34563,24.88005],[121.34473,24.88576],[121.34137,24.88746],[121.34213,24.89259],[121.33837,24.89333],[121.33392,24.89155],[121.33225,24.89336],[121.33344,24.89657],[121.33358,24.89917],[121.33195,24.8999],[121.33064,24.89786],[121.32783,24.89592],[121.32245,24.89856],[121.32126,24.89994],[121.32181,24.90349],[121.32367,24.90442],[121.32626,24.90737],[121.32621,24.90918],[121.32351,24.91],[121.32312,24.91169],[121.31759,24.91636],[121.32461,24.92334],[121.32988,24.92498],[121.33425,24.92472],[121.3385,24.92718],[121.33782,24.92855],[121.3343,24.92972],[121.33098,24.9296],[121.32206,24.92804],[121.32322,24.93128],[121.32081,24.93352],[121.31833,24.9347],[121.31578,24.93847],[121.32501,24.94362],[121.33042,24.94453],[121.33159,24.94583],[121.32812,24.94887],[121.32813,24.95546],[121.32915,24.96058],[121.3281,24.96555],[121.32981,24.96689],[121.32859,24.96847],[121.32786,24.97281],[121.32514,24.97116],[121.32368,24.97282],[121.32744,24.97475],[121.32862,24.97632],[121.32719,24.97759],[121.331,24.9793],[121.33459,24.97905],[121.3366,24.98061],[121.34025,24.98009],[121.34272,24.9823],[121.34735,24.97883],[121.35235,24.98085],[121.35397,24.97784],[121.35775,24.97782],[121.36372,24.97959],[121.36879,24.97681],[121.3724,24.97994],[121.37681,24.9813],[121.37873,24.98319],[121.38213,24.9839],[121.38559,24.98653],[121.38368,24.98811],[121.38432,24.99177],[121.38406,24.99561],[121.38804,24.9964],[121.39084,24.99325],[121.39428,24.99351],[121.39647,24.99555],[121.39684,24.9973],[121.40324,24.99933],[121.40204,25.00253],[121.40014,25.00445],[121.39952,25.00697],[121.39362,25.00983],[121.39129,25.01225],[121.39262,25.01375],[121.39755,25.01623],[121.40163,25.01577],[121.40432,25.01723],[121.40755,25.01751],[121.41213,25.01884],[121.40463,25.02375],[121.40391,25.02516],[121.40106,25.027],[121.40069,25.02918],[121.39826,25.03017],[121.39877,25.03483],[121.4012,25.03637],[121.39879,25.03867],[121.39438,25.04009],[121.39265,25.04339],[121.39698,25.04346],[121.40007,25.04489],[121.39603,25.04856],[121.39744,25.05152],[121.39295,25.05398],[121.3862,25.05259],[121.38865,25.05698],[121.3883,25.06151],[121.38616,25.06325],[121.38291,25.06293],[121.38213,25.06431],[121.37668,25.06609],[121.36733,25.06514],[121.35821,25.06492],[121.35489,25.06515],[121.35377,25.06858],[121.35133,25.06825],[121.34741,25.07054],[121.35017,25.07147],[121.35113,25.0739],[121.34803,25.07382],[121.34269,25.07281],[121.34053,25.07408],[121.34153,25.07663],[121.34372,25.07507],[121.34592,25.07679],[121.3465,25.07953],[121.34894,25.08121],[121.3461,25.08366],[121.34151,25.08406],[121.33867,25.08363],[121.33638,25.0852],[121.33013,25.08825],[121.32805,25.09098],[121.32472,25.09262],[121.31824,25.09301],[121.31038,25.09655],[121.30285,25.09676],[121.30139,25.09848],[121.30122,25.10167],[121.29831,25.10449],[121.2955,25.10302],[121.29162,25.10264],[121.29033,25.10675],[121.28673,25.10704],[121.28269,25.11006],[121.2838,25.11212],[121.28339,25.11781]]]},"properties":{"COUNTYNAME":"桃園市","COUNTYENG":"Taoyuan City","COUNTYCODE":"68000"}},
{"type":"Feature","geometry":{"type":"Polygon","coordinates":[[[120.44759,23.51819],[120.44066,23.51798],[120.44211,23.51366],[120.4405,23.51194],[120.43714,23.51403],[120.43736,23.51515],[120.43504,23.51727],[120.43257,23.51344],[120.43372,23.51141],[120.43318,23.50892],[120.42787,23.50924],[120.42628,23.50876],[120.42499,23.50644],[120.41662,23.50528],[120.41342,23.50241],[120.41199,23.49901],[120.40846,23.49844],[120.40785,23.5026],[120.40383,23.50374],[120.40101,23.50187],[120.39927,23.49876],[120.39498,23.50072],[120.39152,23.50027],[120.38934,23.49859],[120.38927,23.49398],[120.38979,23.49135],[120.39472,23.49075],[120.39394,23.48895],[120.39344,23.48238],[120.39442,23.48077],[120.39691,23.48044],[120.39879,23.47797],[120.3985,23.47401],[120.39926,23.47103],[120.39665,23.46774],[120.39422,23.4662],[120.39417,23.46252],[120.40652,23.4636],[120.41128,23.46478],[120.41516,23.46027],[120.4241,23.46136],[120.42604,23.46075],[120.4293,23.46104],[120.43014,23.45254],[120.43515,23.44891],[120.43805,23.44474],[120.43596,23.44419],[120.43958,23.43956],[120.44167,23.44016],[120.44713,23.4434],[120.45024,23.44345],[120.45287,23.44487],[120.45543,23.45033],[120.45732,23.45284],[120.46107,23.45534],[120.46448,23.45558],[120.46452,23.45824],[120.46866,23.4616],[120.47699,23.46192],[120.48077,23.45986],[120.4817,23.45807],[120.48444,23.45641],[120.48941,23.45235],[120.49491,23.45278],[120.49753,23.45787],[120.50074,23.46141],[120.49997,23.46554],[120.50384,23.46725],[120.50506,23.4696],[120.50726,23.47179],[120.5092,23.47213],[120.50924,23.47484],[120.50497,23.47881],[120.50258,23.48548],[120.50016,23.49068],[120.49425,23.49018],[120.49361,23.49113],[120.48781,23.49193],[120.48434,23.49513],[120.48368,23.49824],[120.48469,23.50136],[120.48316,23.50536],[120.48131,23.50438],[120.47814,23.5049],[120.4735,23.50685],[120.47083,23.50382],[120.47013,23.50021],[120.46747,23.49878],[120.4655,23.49874],[120.46262,23.50073],[120.46206,23.50326],[120.46008,23.50704],[120.45778,23.50892],[120.45631,23.51177],[120.45739,23.51364],[120.45632,23.51601],[120.45328,23.51588],[120.44759,23.51819]]]},"properties":{"COUNTYNAME":"嘉義市","COUNTYENG":"Chiayi City","COUNTYCODE":"10020"}},
{"type":"Feature","geometry":{"type":"MultiPolygon","coordinates":[[[[120.15192,23.39274],[120.14981,23.39853],[120.14475,23.40377],[120.14283,23.40947],[120.1418,23.40829],[120.1439,23.40288],[120.14771,23.39853],[120.15043,23.38926],[120.15239,23.39045],[120.15192,23.39274]]],[[[120.73086,23.61081],[120.72674,23.60742],[120.72461,23.60365],[120.72781,23.60138],[120.72855,23.59916],[120.73256,23.59733],[120.72994,23.59343],[120.73204,23.59078],[120.73234,23.58784],[120.73389,23.58472],[120.73219,23.579],[120.73224,23.57703],[120.7349,23.57537],[120.73599,23.57112],[120.72818,23.5703],[120.72429,23.57187],[120.71795,23.56904],[120.71628,23.5708],[120.7095,23.57207],[120.70911,23.57559],[120.70432,23.57501],[120.69891,23.57634],[120.69402,23.5765],[120.68563,23.57456],[120.6809,23.5715],[120.67624,23.57071],[120.67354,23.57319],[120.67262,23.5763],[120.67077,23.57848],[120.66527,23.57768],[120.66069,23.57629],[120.65806,23.57288],[120.6557,23.5722],[120.65082,23.57242],[120.64783,23.57633],[120.64346,23.57571],[120.64348,23.57821],[120.64615,23.57954],[120.64904,23.58274],[120.64926,23.5857],[120.64726,23.586],[120.64716,23.58787],[120.64907,23.59254],[120.64562,23.59353],[120.63981,23.59254],[120.63062,23.58994],[120.62522,23.59066],[120.6232,23.58998],[120.62293,23.58797],[120.619,23.58417],[120.61546,23.58532],[120.6098,23.58261],[120.60652,23.58421],[120.60251,23.58318],[120.59976,23.58332],[120.59482,23.5854],[120.59333,23.58496],[120.58884,23.5855],[120.58627,23.58283],[120.5814,23.58213],[120.5767,23.58356],[120.57412,23.58599],[120.57092,23.58795],[120.56737,23.5877],[120.56569,23.58943],[120.56185,23.58878],[120.55781,23.58921],[120.55658,23.59285],[120.55192,23.59395],[120.54828,23.59377],[120.53694,23.59473],[120.53304,23.59701],[120.53228,23.59871],[120.52952,23.59986],[120.52808,23.60275],[120.52305,23.60704],[120.51962,23.60907],[120.51761,23.61108],[120.51507,23.61514],[120.51025,23.61935],[120.50946,23.62175],[120.5077,23.62299],[120.5064,23.62609],[120.50765,23.63023],[120.50587,23.6339],[120.50356,23.63528],[120.49949,23.63506],[120.49287,23.63323],[120.48906,23.63589],[120.48717,23.63416],[120.48814,23.63144],[120.48586,23.63063],[120.48263,23.63219],[120.47873,23.63278],[120.4775,23.62991],[120.47399,23.63107],[120.46959,23.63023],[120.46614,23.63027],[120.46391,23.62943],[120.4607,23.6294],[120.45848,23.62767],[120.45549,23.62652],[120.45337,23.62849],[120.45069,23.62963],[120.44422,23.63038],[120.44113,23.62597],[120.43805,23.62653],[120.436,23.62607],[120.437,23.6238],[120.43564,23.62193],[120.43395,23.62287],[120.43177,23.62146],[120.42993,23.61836],[120.42668,23.61916],[120.42564,23.61806],[120.42203,23.61927],[120.42096,23.62477],[120.42007,23.6252],[120.41687,23.62294],[120.4158,23.62138],[120.41279,23.62397],[120.4096,23.62524],[120.4066,23.62528],[120.40641,23.63254],[120.40462,23.63419],[120.40089,23.63215],[120.40264,23.62694],[120.39225,23.62357],[120.39241,23.62239],[120.38663,23.62101],[120.38281,23.61463],[120.38338,23.61291],[120.38076,23.61176],[120.37978,23.60993],[120.37114,23.60949],[120.36812,23.60748],[120.36651,23.60781],[120.36588,23.603],[120.36156,23.59826],[120.35988,23.59569],[120.35669,23.59404],[120.35248,23.5931],[120.34332,23.59192],[120.33838,23.59218],[120.33503,23.59298],[120.33366,23.59179],[120.33312,23.5792],[120.3316,23.57745],[120.327,23.57417],[120.32041,23.57239],[120.31188,23.57496],[120.30757,23.57469],[120.30674,23.57152],[120.31024,23.56721],[120.31055,23.56445],[120.30655,23.56287],[120.29766,23.56453],[120.29267,23.56396],[120.28926,23.56118],[120.28913,23.55745],[120.29091,23.55115],[120.2867,23.54782],[120.2826,23.54603],[120.2802,23.54588],[120.27636,23.54347],[120.27433,23.53794],[120.2736,23.53418],[120.27191,23.53075],[120.26891,23.5302],[120.2666,23.53106],[120.26345,23.53353],[120.26136,23.53634],[120.25811,23.54375],[120.2561,23.54609],[120.25382,23.54642],[120.2489,23.54576],[120.24437,23.54429],[120.24209,23.54154],[120.24204,23.53869],[120.24405,23.53261],[120.24558,23.52331],[120.24707,23.5162],[120.24665,23.51383],[120.24309,23.51012],[120.2391,23.50769],[120.23088,23.50544],[120.22305,23.50432],[120.21577,23.50691],[120.20501,23.51181],[120.19854,23.51304],[120.19509,23.51264],[120.18993,23.51004],[120.18717,23.51056],[120.18098,23.50985],[120.17241,23.51468],[120.16659,23.51723],[120.16456,23.51583],[120.15814,23.51592],[120.15229,23.51824],[120.14877,23.51915],[120.14585,23.52082],[120.14585,23.51848],[120.14245,23.51743],[120.12722,23.5202],[120.12403,23.52042],[120.12153,23.5195],[120.11944,23.51718],[120.11892,23.51506],[120.11943,23.49549],[120.12042,23.49297],[120.12467,23.48873],[120.12737,23.48794],[120.13357,23.48815],[120.13949,23.48995],[120.15786,23.49504],[120.15871,23.49358],[120.16968,23.49219],[120.16762,23.49073],[120.15897,23.49173],[120.15523,23.49108],[120.15665,23.48754],[120.15579,23.48407],[120.15153,23.4807],[120.14936,23.47788],[120.14902,23.47476],[120.14516,23.47207],[120.14409,23.47011],[120.14486,23.46706],[120.14695,23.46518],[120.14458,23.45971],[120.139,23.458],[120.13437,23.45407],[120.13325,23.45158],[120.13539,23.4477],[120.13643,23.44849],[120.13539,23.45113],[120.13877,23.45266],[120.13992,23.45068],[120.14968,23.45427],[120.15259,23.45393],[120.15097,23.44898],[120.15464,23.44775],[120.14979,23.44185],[120.14579,23.43328],[120.14551,23.4286],[120.14886,23.42743],[120.14931,23.4255],[120.15362,23.4284],[120.15559,23.42715],[120.15163,23.42389],[120.14951,23.42281],[120.14954,23.4198],[120.15127,23.41829],[120.14824,23.41511],[120.14928,23.41312],[120.14941,23.40615],[120.15184,23.39862],[120.15383,23.39915],[120.15414,23.40426],[120.15998,23.40612],[120.16052,23.40157],[120.16161,23.39792],[120.16167,23.39466],[120.16371,23.39341],[120.16073,23.38879],[120.15778,23.38579],[120.15843,23.38118],[120.15646,23.37978],[120.15521,23.38472],[120.15206,23.3886],[120.1507,23.38835],[120.14825,23.38558],[120.13953,23.38529],[120.1376,23.38468],[120.13166,23.38478],[120.13193,23.37626],[120.1309,23.37044],[120.12945,23.36878],[120.12803,23.36357],[120.12297,23.3548],[120.12194,23.35156],[120.11995,23.34831],[120.11839,23.34356],[120.11808,23.34016],[120.13229,23.32976],[120.13662,23.32812],[120.14549,23.32228],[120.14852,23.31975],[120.14857,23.31444],[120.15,23.31307],[120.1543,23.31302],[120.15677,23.30999],[120.16032,23.31064],[120.1662,23.30846],[120.17095,23.30458],[120.17392,23.2999],[120.17566,23.29443],[120.17868,23.29173],[120.18384,23.29032],[120.18905,23.29022],[120.18936,23.29235],[120.18635,23.29521],[120.1858,23.29697],[120.18841,23.30123],[120.19169,23.30027],[120.19912,23.29466],[120.20428,23.2919],[120.20861,23.29129],[120.21183,23.29271],[120.2144,23.29244],[120.22087,23.296],[120.22589,23.30323],[120.22767,23.30676],[120.22808,23.30958],[120.23131,23.31633],[120.23451,23.32025],[120.23555,23.32327],[120.23809,23.32707],[120.24507,23.3268],[120.24922,23.32893],[120.25515,23.33062],[120.2583,23.33279],[120.26708,23.34069],[120.26753,23.34473],[120.26366,23.34509],[120.26071,23.34447],[120.26565,23.35224],[120.26829,23.35358],[120.27049,23.35369],[120.27389,23.35245],[120.27629,23.34821],[120.27849,23.34769],[120.28141,23.34823],[120.28613,23.35021],[120.28597,23.35423],[120.28383,23.35866],[120.28375,23.3618],[120.28569,23.36693],[120.28947,23.3709],[120.29296,23.37538],[120.29936,23.37534],[120.3029,23.37594],[120.30796,23.37495],[120.31095,23.37544],[120.31034,23.3831],[120.311,23.38557],[120.31487,23.3885],[120.31784,23.38843],[120.32169,23.38359],[120.32869,23.38612],[120.32996,23.3854],[120.33318,23.38581],[120.34294,23.39669],[120.34302,23.39817],[120.34633,23.40038],[120.34952,23.40132],[120.35343,23.40121],[120.35962,23.40264],[120.38104,23.40344],[120.38599,23.4045],[120.39636,23.40735],[120.40471,23.41028],[120.40942,23.41243],[120.41017,23.41041],[120.414,23.41115],[120.4163,23.41042],[120.41813,23.40814],[120.41837,23.40629],[120.42034,23.40384],[120.42207,23.4071],[120.42341,23.40642],[120.43159,23.40775],[120.43211,23.41069],[120.43449,23.4122],[120.43836,23.41339],[120.44156,23.41316],[120.44438,23.41109],[120.45179,23.40829],[120.45269,23.40678],[120.45546,23.40666],[120.46084,23.40372],[120.46495,23.40077],[120.46883,23.40051],[120.46952,23.3994],[120.47405,23.39734],[120.47607,23.39404],[120.47526,23.39137],[120.47747,23.39071],[120.47942,23.38759],[120.48265,23.38946],[120.4838,23.39127],[120.48567,23.39144],[120.49094,23.39556],[120.49337,23.39481],[120.4975,23.39123],[120.49711,23.38938],[120.49922,23.38786],[120.49682,23.38425],[120.49452,23.38431],[120.48538,23.38025],[120.48384,23.37825],[120.483,23.37164],[120.48394,23.36957],[120.48709,23.37105],[120.48824,23.373],[120.49143,23.37246],[120.49427,23.36949],[120.5014,23.36775],[120.5026,23.36954],[120.50484,23.3689],[120.5089,23.36459],[120.51243,23.35983],[120.51236,23.35567],[120.51084,23.354],[120.50809,23.35276],[120.50481,23.35481],[120.5036,23.35103],[120.50464,23.34935],[120.50445,23.34654],[120.50771,23.34304],[120.512,23.34413],[120.51551,23.34375],[120.51859,23.34197],[120.52068,23.34195],[120.52311,23.34068],[120.52454,23.33831],[120.52693,23.33939],[120.53029,23.33806],[120.53404,23.33577],[120.53681,23.33326],[120.54,23.32787],[120.53706,23.32654],[120.53596,23.32425],[120.53195,23.32115],[120.53149,23.31791],[120.52728,23.31464],[120.52389,23.31335],[120.52261,23.31189],[120.52336,23.3087],[120.52388,23.30239],[120.52627,23.29585],[120.52601,23.29223],[120.52446,23.29154],[120.52185,23.28795],[120.52291,23.28461],[120.52271,23.28142],[120.52113,23.27993],[120.52222,23.27396],[120.52043,23.27178],[120.52254,23.26925],[120.52609,23.26649],[120.52669,23.26401],[120.52841,23.26223],[120.52925,23.25801],[120.53229,23.25514],[120.52997,23.24795],[120.52791,23.24536],[120.52431,23.24212],[120.51904,23.23926],[120.52682,23.23093],[120.52959,23.23257],[120.53117,23.23181],[120.53196,23.22967],[120.53621,23.22917],[120.53976,23.22767],[120.54151,23.22783],[120.54872,23.22381],[120.54978,23.22134],[120.55241,23.22032],[120.55488,23.21758],[120.55808,23.21682],[120.56137,23.21741],[120.56529,23.22098],[120.57103,23.21821],[120.57471,23.21777],[120.57852,23.21525],[120.57968,23.21899],[120.58199,23.22009],[120.5849,23.22325],[120.58655,23.22409],[120.59014,23.23389],[120.5917,23.23612],[120.59235,23.23974],[120.5938,23.23942],[120.59643,23.23504],[120.59689,23.22974],[120.59878,23.22799],[120.60272,23.22608],[120.60604,23.22589],[120.60971,23.22273],[120.61285,23.22395],[120.61671,23.22355],[120.6186,23.22575],[120.62497,23.22728],[120.62821,23.22944],[120.63106,23.22953],[120.63339,23.22862],[120.63891,23.22795],[120.64417,23.22532],[120.64691,23.22713],[120.64823,23.22554],[120.65138,23.22409],[120.65344,23.22454],[120.64948,23.22864],[120.65085,23.23799],[120.64918,23.24049],[120.64789,23.24463],[120.64917,23.24708],[120.64845,23.24925],[120.64208,23.25681],[120.64212,23.26063],[120.64069,23.26652],[120.63852,23.26882],[120.63901,23.27044],[120.64124,23.27151],[120.64057,23.274],[120.64315,23.27598],[120.64191,23.27854],[120.64405,23.28223],[120.64218,23.2881],[120.64367,23.29007],[120.6421,23.29246],[120.64374,23.2961],[120.64733,23.29722],[120.64905,23.29342],[120.652,23.29117],[120.65532,23.29193],[120.65741,23.29524],[120.66191,23.2949],[120.66267,23.29354],[120.66539,23.29317],[120.66731,23.29403],[120.67141,23.28997],[120.67334,23.291],[120.67613,23.29004],[120.67617,23.2886],[120.68016,23.28858],[120.68192,23.28764],[120.68717,23.2866],[120.6899,23.28531],[120.69351,23.28454],[120.69954,23.28442],[120.70353,23.28946],[120.70233,23.29409],[120.70283,23.29756],[120.70438,23.30197],[120.70677,23.30473],[120.71122,23.30744],[120.71217,23.3087],[120.71628,23.30761],[120.72064,23.30834],[120.73063,23.30561],[120.73017,23.31076],[120.73231,23.31386],[120.73632,23.316],[120.73873,23.31641],[120.74007,23.31778],[120.74039,23.32043],[120.74225,23.32147],[120.74786,23.32191],[120.75047,23.32551],[120.75325,23.32819],[120.75284,23.33136],[120.75644,23.33279],[120.75843,23.33548],[120.75708,23.33856],[120.75848,23.34087],[120.75807,23.34426],[120.76067,23.34391],[120.76489,23.34169],[120.76846,23.34388],[120.77302,23.34187],[120.77493,23.3432],[120.78321,23.3422],[120.78554,23.3456],[120.78758,23.34614],[120.78867,23.34944],[120.78845,23.35282],[120.79204,23.35395],[120.79165,23.35659],[120.79347,23.35753],[120.79624,23.35686],[120.79744,23.35969],[120.80469,23.36721],[120.80327,23.36946],[120.80494,23.37096],[120.80852,23.36839],[120.80984,23.36955],[120.813,23.36931],[120.81586,23.37136],[120.82119,23.37052],[120.82337,23.37198],[120.82525,23.37162],[120.82606,23.37371],[120.82853,23.37495],[120.8294,23.37743],[120.82937,23.38315],[120.83097,23.3866],[120.83491,23.38772],[120.83687,23.39339],[120.83971,23.39609],[120.83841,23.39825],[120.84009,23.39937],[120.84394,23.40392],[120.84475,23.40823],[120.84772,23.41016],[120.84951,23.41286],[120.84917,23.41949],[120.8546,23.42306],[120.85728,23.42212],[120.85977,23.42393],[120.8623,23.42458],[120.86433,23.42389],[120.86625,23.42608],[120.86989,23.4267],[120.87174,23.4296],[120.87374,23.42983],[120.87556,23.43156],[120.882,23.43333],[120.88382,23.43626],[120.88709,23.4352],[120.8907,23.44241],[120.89287,23.44521],[120.89515,23.44592],[120.89678,23.4509],[120.89883,23.45114],[120.90237,23.45414],[120.90567,23.45318],[120.90833,23.45671],[120.9127,23.45848],[120.92099,23.45913],[120.9283,23.45678],[120.93118,23.45706],[120.93511,23.4589],[120.9345,23.46145],[120.93664,23.46378],[120.94028,23.46312],[120.94443,23.46344],[120.95028,23.4648],[120.956,23.46734],[120.95751,23.4695],[120.95129,23.46753],[120.94752,23.46712],[120.94519,23.46776],[120.94158,23.46984],[120.93795,23.47293],[120.93465,23.47311],[120.93078,23.4707],[120.9265,23.47296],[120.91748,23.47569],[120.91464,23.47471],[120.91134,23.47606],[120.90195,23.47608],[120.89461,23.47554],[120.88714,23.4756],[120.88427,23.47431],[120.88414,23.47314],[120.8808,23.46764],[120.87309,23.46853],[120.86834,23.47063],[120.86669,23.4723],[120.86358,23.47347],[120.85813,23.47285],[120.85622,23.47342],[120.84874,23.47215],[120.84657,23.47308],[120.84146,23.47292],[120.83897,23.47122],[120.83264,23.47473],[120.8299,23.48073],[120.82708,23.48338],[120.82618,23.48851],[120.8253,23.48971],[120.82545,23.49482],[120.82282,23.49892],[120.82406,23.50413],[120.8228,23.50904],[120.82318,23.51094],[120.81987,23.51453],[120.81911,23.51953],[120.82039,23.52126],[120.81814,23.52346],[120.81095,23.5345],[120.80861,23.53619],[120.80818,23.54213],[120.80883,23.54586],[120.81129,23.54943],[120.81149,23.55105],[120.81462,23.5518],[120.8159,23.55367],[120.81401,23.556],[120.81904,23.56051],[120.82068,23.56262],[120.81992,23.56452],[120.82147,23.56823],[120.8219,23.57091],[120.81957,23.57487],[120.82032,23.57881],[120.82295,23.58351],[120.82469,23.5842],[120.82539,23.58654],[120.8237,23.58716],[120.81989,23.59044],[120.81867,23.59371],[120.81687,23.5956],[120.81861,23.59824],[120.81763,23.5996],[120.8139,23.60095],[120.81126,23.60013],[120.80979,23.59869],[120.80512,23.59862],[120.80353,23.5967],[120.79807,23.59744],[120.79492,23.59725],[120.79087,23.60094],[120.78745,23.60127],[120.78374,23.60071],[120.77957,23.60161],[120.77675,23.60383],[120.77328,23.60565],[120.77022,23.60596],[120.76963,23.60808],[120.76428,23.61224],[120.75808,23.61249],[120.75294,23.61485],[120.75047,23.61407],[120.74748,23.61116],[120.74635,23.61248],[120.74175,23.61243],[120.73902,23.61014],[120.73586,23.60955],[120.73086,23.61081]],[[120.44759,23.51819],[120.45328,23.51588],[120.45632,23.51601],[120.45739,23.51364],[120.45631,23.51177],[120.45778,23.50892],[120.46008,23.50704],[120.46206,23.50326],[120.46262,23.50073],[120.4655,23.49874],[120.46747,23.49878],[120.47013,23.50021],[120.47083,23.50382],[120.4735,23.50685],[120.47814,23.5049],[120.48131,23.50438],[120.48316,23.50536],[120.48469,23.50136],[120.48368,23.49824],[120.48434,23.49513],[120.48781,23.49193],[120.49361,23.49113],[120.49425,23.49018],[120.50016,23.49068],[120.50258,23.48548],[120.50497,23.47881],[120.50924,23.47484],[120.5092,23.47213],[120.50726,23.47179],[120.50506,23.4696],[120.50384,23.46725],[120.49997,23.46554],[120.50074,23.46141],[120.49753,23.45787],[120.49491,23.45278],[120.48941,23.45235],[120.48444,23.45641],[120.4817,23.45807],[120.48077,23.45986],[120.47699,23.46192],[120.46866,23.4616],[120.46452,23.45824],[120.46448,23.45558],[120.46107,23.45534],[120.45732,23.45284],[120.45543,23.45033],[120.45287,23.44487],[120.45024,23.44345],[120.44713,23.4434],[120.44167,23.44016],[120.43958,23.43956],[120.43596,23.44419],[120.43805,23.44474],[120.43515,23.44891],[120.43014,23.45254],[120.4293,23.46104],[120.42604,23.46075],[120.4241,23.46136],[120.41516,23.46027],[120.41128,23.46478],[120.40652,23.4636],[120.39417,23.46252],[120.39422,23.4662],[120.39665,23.46774],[120.39926,23.47103],[120.3985,23.47401],[120.39879,23.47797],[120.39691,23.48044],[120.39442,23.48077],[120.39344,23.48238],[120.39394,23.48895],[120.39472,23.49075],[120.38979,23.49135],[120.38927,23.49398],[120.38934,23.49859],[120.39152,23.50027],[120.39498,23.50072],[120.39927,23.49876],[120.40101,23.50187],[120.40383,23.50374],[120.40785,23.5026],[120.40846,23.49844],[120.41199,23.49901],[120.41342,23.50241],[120.41662,23.50528],[120.42499,23.50644],[120.42628,23.50876],[120.42787,23.50924],[120.43318,23.50892],[120.43372,23.51141],[120.43257,23.51344],[120.43504,23.51727],[120.43736,23.51515],[120.43714,23.51403],[120.4405,23.51194],[120.44211,23.51366],[120.44066,23.51798],[120.44759,23.51819]]]]},"properties":{"COUNTYNAME":"嘉義縣","COUNTYENG":"Chiayi County","COUNTYCODE":"10010"}},
{"type":"Feature","geometry":{"type":"MultiPolygon","coordinates":[[[[118.16038,24.37855],[118.16287,24.38147],[118.15826,24.38218],[118.15346,24.38375],[118.15137,24.38233],[118.15499,24.37832],[118.16038,24.37855]]],[[[118.16262,24.3949],[118.16101,24.3956],[118.15934,24.39423],[118.16097,24.3915],[118.16264,24.38703],[118.16477,24.38705],[118.16899,24.38421],[118.17279,24.38633],[118.17099,24.38962],[118.16522,24.39011],[118.16262,24.3949]]],[[[118.24886,24.45636],[118.24594,24.45618],[118.24342,24.45501],[118.24137,24.45605],[118.23544,24.45377],[118.23337,24.45368],[118.23053,24.45205],[118.2273,24.44787],[118.22648,24.44479],[118.22422,24.43973],[118.22385,24.43661],[118.22105,24.43248],[118.21681,24.42807],[118.21737,24.42076],[118.21457,24.41484],[118.21568,24.41246],[118.21375,24.41184],[118.21352,24.40977],[118.21891,24.40957],[118.22305,24.40827],[118.22368,24.40641],[118.22597,24.40505],[118.22751,24.40784],[118.22926,24.40828],[118.23229,24.41275],[118.23544,24.41431],[118.23937,24.41489],[118.24164,24.41415],[118.24101,24.41199],[118.24626,24.41429],[118.25005,24.41826],[118.24871,24.41941],[118.24992,24.42159],[118.25464,24.42488],[118.25727,24.42535],[118.26007,24.42425],[118.26031,24.42266],[118.26298,24.42281],[118.26308,24.42449],[118.26508,24.42537],[118.26632,24.42813],[118.26573,24.42929],[118.26729,24.43391],[118.26638,24.43467],[118.26966,24.43762],[118.26819,24.43969],[118.26917,24.44598],[118.26579,24.44678],[118.26217,24.44953],[118.26005,24.45275],[118.25529,24.45518],[118.24886,24.45636]]],[[[118.27769,24.45381],[118.27272,24.45803],[118.27125,24.45735],[118.26912,24.45405],[118.27676,24.45245],[118.27769,24.45381]]],[[[118.41131,24.53214],[118.40927,24.53398],[118.40731,24.53423],[118.40593,24.53261],[118.40767,24.53007],[118.4056,24.52747],[118.40377,24.52723],[118.39936,24.52864],[118.39771,24.52811],[118.39653,24.52573],[118.39965,24.52545],[118.40077,24.52222],[118.39685,24.51955],[118.39432,24.51623],[118.39391,24.51419],[118.39204,24.51161],[118.38861,24.50989],[118.38689,24.50984],[118.38404,24.5081],[118.38374,24.5027],[118.38571,24.49359],[118.38481,24.49223],[118.38073,24.49125],[118.37906,24.48504],[118.36312,24.47167],[118.35664,24.47102],[118.35044,24.47166],[118.3465,24.4741],[118.34141,24.47434],[118.33869,24.47498],[118.33135,24.47904],[118.32699,24.48304],[118.32428,24.48771],[118.31817,24.49316],[118.31287,24.49552],[118.30749,24.49577],[118.29978,24.49368],[118.29274,24.48992],[118.2897,24.48598],[118.28656,24.4789],[118.28622,24.47482],[118.2891,24.47089],[118.28871,24.46962],[118.29117,24.46818],[118.29535,24.46236],[118.29592,24.46056],[118.29555,24.456],[118.29645,24.45398],[118.29944,24.45126],[118.30219,24.4462],[118.30303,24.44121],[118.30221,24.43625],[118.29845,24.42959],[118.29208,24.42144],[118.29092,24.41885],[118.28817,24.41806],[118.28096,24.41703],[118.28086,24.4152],[118.27821,24.41449],[118.27815,24.41303],[118.28025,24.41091],[118.28997,24.40492],[118.29287,24.40115],[118.29561,24.39916],[118.2972,24.39555],[118.30001,24.39624],[118.30486,24.39581],[118.3064,24.39322],[118.31039,24.3898],[118.31213,24.39039],[118.31824,24.38842],[118.31994,24.38579],[118.32364,24.38595],[118.32594,24.38793],[118.32876,24.38841],[118.33424,24.39109],[118.33646,24.39722],[118.3375,24.40182],[118.34123,24.40876],[118.34509,24.41157],[118.34614,24.41411],[118.34772,24.41496],[118.34828,24.41837],[118.35391,24.42301],[118.36236,24.42749],[118.37283,24.43192],[118.38581,24.43513],[118.38749,24.4347],[118.39536,24.43584],[118.39707,24.43502],[118.39986,24.43551],[118.40261,24.43498],[118.40626,24.43255],[118.41098,24.43142],[118.41051,24.42856],[118.42188,24.426],[118.42747,24.42389],[118.43055,24.42099],[118.43302,24.41647],[118.43083,24.41266],[118.42679,24.40715],[118.43053,24.40681],[118.43582,24.40808],[118.43742,24.41007],[118.44102,24.41123],[118.44336,24.4111],[118.44596,24.41402],[118.44836,24.4155],[118.45302,24.41538],[118.45282,24.41656],[118.45604,24.41779],[118.45774,24.42405],[118.46189,24.42518],[118.46459,24.42782],[118.46652,24.43158],[118.46382,24.43346],[118.46346,24.43585],[118.46063,24.43751],[118.46393,24.44129],[118.46619,24.44199],[118.47033,24.43999],[118.4723,24.44122],[118.47245,24.44321],[118.47415,24.44635],[118.4742,24.44956],[118.47746,24.44952],[118.4762,24.45328],[118.47315,24.45356],[118.47034,24.45522],[118.46617,24.46115],[118.46403,24.46769],[118.46411,24.4711],[118.46329,24.47598],[118.46556,24.47861],[118.46899,24.48044],[118.46894,24.48368],[118.46195,24.48426],[118.45961,24.48589],[118.45567,24.49132],[118.45511,24.4928],[118.4558,24.49586],[118.45449,24.49817],[118.45172,24.49939],[118.44956,24.50466],[118.45063,24.50991],[118.44861,24.51148],[118.44588,24.51152],[118.43566,24.51448],[118.4327,24.51845],[118.43154,24.52194],[118.43341,24.52272],[118.43358,24.52501],[118.42953,24.52528],[118.42933,24.52738],[118.42581,24.52835],[118.42413,24.52767],[118.42175,24.52963],[118.41919,24.53044],[118.41446,24.52831],[118.41086,24.53056],[118.41131,24.53214]]],[[[119.47405,24.98598],[119.47272,24.98722],[119.46782,24.98439],[119.46564,24.98241],[119.46655,24.97948],[119.47363,24.97761],[119.47757,24.9809],[119.47921,24.98486],[119.4775,24.98642],[119.47405,24.98598]]],[[[119.45834,24.98946],[119.45801,24.99235],[119.4558,24.99496],[119.44479,24.99961],[119.44329,24.99668],[119.44635,24.99155],[119.44668,24.9884],[119.44767,24.9875],[119.4512,24.98756],[119.45688,24.98524],[119.45836,24.98731],[119.45834,24.98946]]]]},"properties":{"COUNTYNAME":"金門縣","COUNTYENG":"Kinmen County","COUNTYCODE":"09020"}},
{"type":"Feature","geometry":{"type":"MultiPolygon","coordinates":[[[[114.36981,10.37994],[114.36181,10.37732],[114.35936,10.37549],[114.36068,10.37397],[114.36284,10.37411],[114.3674,10.37557],[114.37134,10.37843],[114.36981,10.37994]]],[[[116.71662,20.70967],[116.71533,20.70745],[116.71898,20.70555],[116.72246,20.70575],[116.72597,20.70492],[116.72679,20.70371],[116.72305,20.70259],[116.72315,20.69979],[116.72007,20.70145],[116.71459,20.7026],[116.71303,20.70512],[116.71028,20.70391],[116.71533,20.70166],[116.71761,20.70141],[116.7222,20.69947],[116.73121,20.69729],[116.73425,20.69753],[116.73186,20.70329],[116.72757,20.70592],[116.72203,20.70702],[116.71839,20.70926],[116.71662,20.70967]]],[[[121.01527,23.43541],[121.01414,23.43792],[121.01058,23.44124],[121.01062,23.4465],[121.01435,23.44921],[121.01585,23.45161],[121.01465,23.45465],[121.01172,23.45717],[121.00846,23.46209],[121.00381,23.46296],[120.99969,23.46217],[120.98355,23.46702],[120.9822,23.46849],[120.97907,23.46937],[120.97063,23.46904],[120.96671,23.4717],[120.96522,23.4707],[120.96139,23.47077],[120.95751,23.4695],[120.956,23.46734],[120.95028,23.4648],[120.94443,23.46344],[120.94028,23.46312],[120.93664,23.46378],[120.9345,23.46145],[120.93511,23.4589],[120.93118,23.45706],[120.9283,23.45678],[120.92099,23.45913],[120.9127,23.45848],[120.90833,23.45671],[120.90567,23.45318],[120.90237,23.45414],[120.89883,23.45114],[120.89678,23.4509],[120.89515,23.44592],[120.89287,23.44521],[120.8907,23.44241],[120.88709,23.4352],[120.88382,23.43626],[120.882,23.43333],[120.87556,23.43156],[120.87374,23.42983],[120.87174,23.4296],[120.86989,23.4267],[120.86625,23.42608],[120.86433,23.42389],[120.8623,23.42458],[120.85977,23.42393],[120.85728,23.42212],[120.8546,23.42306],[120.84917,23.41949],[120.84951,23.41286],[120.84772,23.41016],[120.84475,23.40823],[120.84394,23.40392],[120.84009,23.39937],[120.83841,23.39825],[120.83971,23.39609],[120.83687,23.39339],[120.83491,23.38772],[120.83097,23.3866],[120.82937,23.38315],[120.8294,23.37743],[120.82853,23.37495],[120.82606,23.37371],[120.82525,23.37162],[120.82337,23.37198],[120.82119,23.37052],[120.81586,23.37136],[120.813,23.36931],[120.80984,23.36955],[120.80852,23.36839],[120.80494,23.37096],[120.80327,23.36946],[120.80469,23.36721],[120.79744,23.35969],[120.79624,23.35686],[120.79347,23.35753],[120.79165,23.35659],[120.79204,23.35395],[120.78845,23.35282],[120.78867,23.34944],[120.78758,23.34614],[120.78554,23.3456],[120.78321,23.3422],[120.77493,23.3432],[120.77302,23.34187],[120.76846,23.34388],[120.76489,23.34169],[120.76067,23.34391],[120.75807,23.34426],[120.75848,23.34087],[120.75708,23.33856],[120.75843,23.33548],[120.75644,23.33279],[120.75284,23.33136],[120.75325,23.32819],[120.75047,23.32551],[120.74786,23.32191],[120.74225,23.32147],[120.74039,23.32043],[120.74007,23.31778],[120.73873,23.31641],[120.73632,23.316],[120.73231,23.31386],[120.73017,23.31076],[120.73063,23.30561],[120.72064,23.30834],[120.71628,23.30761],[120.71217,23.3087],[120.71122,23.30744],[120.70677,23.30473],[120.70438,23.30197],[120.70283,23.29756],[120.70233,23.29409],[120.70353,23.28946],[120.69954,23.28442],[120.69351,23.28454],[120.6899,23.28531],[120.68717,23.2866],[120.68192,23.28764],[120.68016,23.28858],[120.67617,23.2886],[120.67613,23.29004],[120.67334,23.291],[120.67141,23.28997],[120.66731,23.29403],[120.66539,23.29317],[120.66267,23.29354],[120.66191,23.2949],[120.65741,23.29524],[120.65532,23.29193],[120.652,23.29117],[120.64905,23.29342],[120.64733,23.29722],[120.64374,23.2961],[120.6421,23.29246],[120.64367,23.29007],[120.64218,23.2881],[120.64405,23.28223],[120.64191,23.27854],[120.64315,23.27598],[120.64057,23.274],[120.64124,23.27151],[120.63901,23.27044],[120.63852,23.26882],[120.64069,23.26652],[120.64212,23.26063],[120.64208,23.25681],[120.64845,23.24925],[120.64917,23.24708],[120.64789,23.24463],[120.64918,23.24049],[120.65085,23.23799],[120.64948,23.22864],[120.65344,23.22454],[120.65517,23.22348],[120.65625,23.21764],[120.65396,23.21554],[120.65309,23.21185],[120.65142,23.20848],[120.64836,23.20858],[120.6462,23.20707],[120.64331,23.20332],[120.64266,23.20016],[120.64097,23.19877],[120.63895,23.19316],[120.63657,23.19013],[120.6384,23.18568],[120.64016,23.18337],[120.6373,23.1804],[120.63745,23.17853],[120.63617,23.1751],[120.62985,23.17448],[120.62944,23.17325],[120.63106,23.17042],[120.62702,23.16797],[120.62523,23.16776],[120.62295,23.16394],[120.62051,23.16282],[120.61663,23.16313],[120.61492,23.15947],[120.61343,23.15925],[120.61112,23.15576],[120.61234,23.15361],[120.61185,23.1517],[120.6074,23.14828],[120.60379,23.14492],[120.60111,23.14417],[120.599,23.14106],[120.59755,23.1374],[120.59628,23.13686],[120.59478,23.13182],[120.5905,23.1272],[120.58843,23.12327],[120.58868,23.12042],[120.58816,23.11432],[120.58689,23.11216],[120.58319,23.10804],[120.57722,23.09946],[120.57562,23.09558],[120.57405,23.09464],[120.57479,23.09142],[120.5731,23.08979],[120.5691,23.08436],[120.56539,23.08069],[120.55866,23.07532],[120.55919,23.0739],[120.5545,23.06883],[120.54833,23.06601],[120.54563,23.06412],[120.54237,23.06337],[120.53801,23.06075],[120.53769,23.05885],[120.53513,23.05741],[120.53022,23.05592],[120.52303,23.04957],[120.52367,23.04765],[120.5222,23.04564],[120.52016,23.04531],[120.51628,23.04184],[120.51129,23.03616],[120.50867,23.03482],[120.50372,23.02865],[120.49199,23.02125],[120.48577,23.01835],[120.48267,23.01558],[120.48152,23.01218],[120.48036,23.00627],[120.47829,23.00351],[120.47055,23.00238],[120.46721,23.00356],[120.46085,23.00394],[120.45964,23.00184],[120.46148,22.99812],[120.4591,22.99586],[120.46107,22.99225],[120.45963,22.9899],[120.45529,22.99114],[120.45351,22.98734],[120.45319,22.98481],[120.45476,22.98256],[120.45466,22.98063],[120.45315,22.9786],[120.44963,22.97724],[120.44519,22.97948],[120.44264,22.97732],[120.44219,22.97393],[120.43777,22.96461],[120.43729,22.96228],[120.43296,22.95595],[120.43269,22.95255],[120.43072,22.94845],[120.4284,22.94046],[120.42615,22.93935],[120.42489,22.93317],[120.42276,22.93096],[120.42207,22.92755],[120.41995,22.92299],[120.41806,22.92071],[120.41651,22.91637],[120.40974,22.9138],[120.40874,22.91238],[120.40632,22.91465],[120.40533,22.91816],[120.40193,22.91817],[120.40044,22.91903],[120.39901,22.92228],[120.39591,22.92274],[120.39072,22.92169],[120.38656,22.91828],[120.38249,22.92056],[120.38035,22.91861],[120.37753,22.91821],[120.37679,22.91488],[120.37419,22.91431],[120.37296,22.91236],[120.37239,22.90798],[120.36896,22.90568],[120.36572,22.90452],[120.36599,22.90223],[120.35947,22.90142],[120.36105,22.89792],[120.35797,22.89586],[120.3577,22.89458],[120.3537,22.89244],[120.35452,22.89002],[120.35096,22.88914],[120.34889,22.89058],[120.34514,22.88944],[120.33249,22.88926],[120.33078,22.89069],[120.32704,22.89846],[120.32405,22.90023],[120.32094,22.89563],[120.31922,22.89511],[120.31568,22.89913],[120.30911,22.90057],[120.30341,22.90042],[120.29911,22.90108],[120.2933,22.9029],[120.28457,22.90472],[120.27987,22.90488],[120.27799,22.90441],[120.27799,22.90133],[120.2795,22.89629],[120.27428,22.89525],[120.26957,22.89681],[120.26054,22.90176],[120.25793,22.90165],[120.25694,22.89897],[120.25888,22.89663],[120.25856,22.895],[120.25647,22.89401],[120.25257,22.89486],[120.24761,22.89819],[120.24286,22.90351],[120.23617,22.90509],[120.23321,22.9054],[120.23157,22.90866],[120.23169,22.9154],[120.23042,22.91669],[120.2275,22.91672],[120.22586,22.9155],[120.22255,22.91134],[120.22012,22.9096],[120.21439,22.91048],[120.21108,22.91249],[120.20807,22.91524],[120.20605,22.91469],[120.20179,22.91571],[120.19586,22.91961],[120.19206,22.92119],[120.18657,22.91965],[120.18246,22.91707],[120.17675,22.91234],[120.17475,22.9117],[120.17475,22.91002],[120.17903,22.89938],[120.1802,22.89535],[120.18184,22.89234],[120.18622,22.88254],[120.19011,22.87325],[120.19286,22.86477],[120.19029,22.864],[120.18972,22.8607],[120.19328,22.85931],[120.19238,22.85772],[120.19528,22.85002],[120.19294,22.84847],[120.19652,22.84475],[120.19903,22.84352],[120.20131,22.8387],[120.20045,22.83846],[120.20516,22.82523],[120.20725,22.82291],[120.20598,22.82015],[120.19048,22.81529],[120.19016,22.81359],[120.19332,22.80744],[120.19791,22.80525],[120.21233,22.80761],[120.21538,22.80416],[120.21593,22.80194],[120.22012,22.79246],[120.22286,22.78554],[120.22905,22.77329],[120.23062,22.76897],[120.2322,22.76644],[120.23241,22.76257],[120.23931,22.75146],[120.24361,22.74319],[120.24532,22.73783],[120.24975,22.72848],[120.24985,22.72421],[120.25276,22.72413],[120.25627,22.71729],[120.2573,22.7136],[120.25683,22.71243],[120.25868,22.70883],[120.26158,22.70146],[120.26225,22.69823],[120.26102,22.69627],[120.25805,22.69556],[120.25805,22.68932],[120.26282,22.68904],[120.26312,22.684],[120.26441,22.68085],[120.26446,22.67521],[120.25926,22.66904],[120.25636,22.6686],[120.25296,22.66504],[120.25115,22.66193],[120.25032,22.65652],[120.25074,22.65493],[120.24995,22.65073],[120.25111,22.64927],[120.25167,22.64517],[120.25507,22.63965],[120.25613,22.63625],[120.25933,22.63391],[120.26102,22.63154],[120.26346,22.6262],[120.26333,22.6241],[120.2567,22.62091],[120.25617,22.61779],[120.26226,22.61398],[120.26299,22.61127],[120.2656,22.61075],[120.26525,22.6066],[120.2637,22.60513],[120.26377,22.6019],[120.26679,22.59999],[120.27129,22.59278],[120.27836,22.58436],[120.28238,22.58076],[120.2845,22.57807],[120.28577,22.57786],[120.30284,22.55777],[120.30342,22.55433],[120.30066,22.55128],[120.29899,22.5474],[120.30176,22.54581],[120.30749,22.54525],[120.32183,22.52779],[120.31681,22.52423],[120.30761,22.53543],[120.30375,22.53269],[120.29696,22.54095],[120.29341,22.53843],[120.31244,22.51487],[120.32425,22.52276],[120.32524,22.53009],[120.32626,22.52997],[120.32532,22.52348],[120.33335,22.52878],[120.33692,22.52509],[120.33375,22.52141],[120.34194,22.51518],[120.34347,22.51474],[120.35097,22.50954],[120.3549,22.50598],[120.35593,22.50427],[120.35988,22.50106],[120.36427,22.49821],[120.37325,22.49123],[120.38489,22.48488],[120.38692,22.48305],[120.39373,22.47904],[120.39565,22.47703],[120.40091,22.47493],[120.40186,22.47388],[120.41092,22.47073],[120.41386,22.47046],[120.42083,22.46847],[120.42443,22.46871],[120.42394,22.47995],[120.42573,22.49817],[120.42366,22.50652],[120.42304,22.51101],[120.42286,22.51845],[120.42458,22.52441],[120.42513,22.52847],[120.42917,22.53859],[120.43127,22.54468],[120.43657,22.54756],[120.43902,22.55502],[120.44103,22.55803],[120.4427,22.56232],[120.44412,22.56883],[120.44564,22.5792],[120.447,22.58618],[120.44663,22.59448],[120.44579,22.59883],[120.44273,22.60335],[120.43755,22.60727],[120.43461,22.61341],[120.43368,22.6176],[120.43371,22.62461],[120.4358,22.63044],[120.43538,22.63377],[120.43533,22.64026],[120.4362,22.64815],[120.43589,22.65597],[120.43663,22.66502],[120.43788,22.66706],[120.44,22.67304],[120.43966,22.67854],[120.44263,22.68456],[120.44752,22.6883],[120.45109,22.69797],[120.45127,22.70007],[120.45279,22.70417],[120.453,22.70658],[120.45574,22.71849],[120.456,22.73057],[120.45491,22.73963],[120.45418,22.75356],[120.45371,22.75657],[120.45377,22.7615],[120.45442,22.76418],[120.4538,22.76754],[120.45411,22.7712],[120.45572,22.77508],[120.45599,22.78017],[120.45747,22.78549],[120.45993,22.79052],[120.46403,22.80029],[120.4655,22.81275],[120.46735,22.81548],[120.46753,22.82235],[120.46919,22.82502],[120.46876,22.83067],[120.47216,22.83394],[120.47417,22.83689],[120.47624,22.83819],[120.47905,22.83677],[120.48035,22.83773],[120.48225,22.83597],[120.48828,22.8358],[120.4908,22.83527],[120.49395,22.83676],[120.49639,22.83254],[120.49997,22.83125],[120.50341,22.83173],[120.50894,22.82958],[120.50999,22.82851],[120.51565,22.83157],[120.51994,22.83144],[120.52346,22.83288],[120.52432,22.83197],[120.52751,22.83218],[120.531,22.83083],[120.534,22.83057],[120.53643,22.82927],[120.54406,22.82979],[120.54803,22.82843],[120.55419,22.82882],[120.55758,22.83209],[120.56153,22.83382],[120.56669,22.83836],[120.56959,22.84316],[120.57481,22.8482],[120.58564,22.85652],[120.59525,22.86366],[120.59809,22.86687],[120.60234,22.87069],[120.60582,22.87321],[120.61293,22.87607],[120.61675,22.87681],[120.62063,22.87558],[120.62601,22.8783],[120.6304,22.87991],[120.63437,22.88075],[120.63703,22.88232],[120.64044,22.8831],[120.64503,22.88518],[120.6465,22.88379],[120.64844,22.87713],[120.65102,22.87721],[120.65234,22.87947],[120.65487,22.88147],[120.65805,22.87971],[120.65842,22.87434],[120.65966,22.86995],[120.65865,22.86607],[120.65948,22.86192],[120.6609,22.85967],[120.66429,22.85881],[120.66857,22.85871],[120.66988,22.85687],[120.67211,22.85635],[120.67672,22.85725],[120.67919,22.86295],[120.68404,22.86351],[120.68622,22.86466],[120.69054,22.86487],[120.69198,22.86845],[120.69789,22.87306],[120.70136,22.87648],[120.70254,22.87924],[120.70454,22.88067],[120.70825,22.88165],[120.70978,22.8811],[120.71712,22.88097],[120.72051,22.882],[120.72502,22.88083],[120.73094,22.87626],[120.73747,22.8743],[120.74268,22.87355],[120.74635,22.86915],[120.74658,22.86779],[120.74926,22.86568],[120.75529,22.86445],[120.75656,22.86222],[120.75877,22.86093],[120.76215,22.85681],[120.76376,22.85173],[120.764,22.84929],[120.76592,22.8487],[120.76851,22.8452],[120.76991,22.84455],[120.77289,22.8411],[120.77441,22.83765],[120.77871,22.8352],[120.78206,22.83646],[120.78584,22.8399],[120.7902,22.84015],[120.79299,22.8423],[120.7917,22.84837],[120.79335,22.85203],[120.80108,22.85103],[120.80707,22.85487],[120.81381,22.85766],[120.81418,22.86045],[120.81589,22.86211],[120.81909,22.86235],[120.82296,22.86572],[120.82612,22.86639],[120.82832,22.86579],[120.83304,22.86627],[120.83725,22.86423],[120.84094,22.86038],[120.84119,22.85729],[120.84385,22.85343],[120.84717,22.85197],[120.85319,22.85762],[120.8562,22.85513],[120.85699,22.853],[120.85993,22.85146],[120.85973,22.84875],[120.86252,22.84681],[120.86456,22.84308],[120.86558,22.84709],[120.86774,22.84963],[120.86818,22.85133],[120.86661,22.85335],[120.86929,22.85661],[120.86943,22.85795],[120.86165,22.8614],[120.8598,22.86414],[120.8642,22.86667],[120.86555,22.86966],[120.86498,22.87221],[120.86122,22.87615],[120.85973,22.87837],[120.85516,22.87872],[120.85209,22.8781],[120.84198,22.88122],[120.83988,22.88261],[120.83884,22.88464],[120.83823,22.88989],[120.83521,22.89275],[120.8332,22.89823],[120.83354,22.89981],[120.83064,22.90175],[120.82854,22.90521],[120.82996,22.90953],[120.83329,22.91227],[120.83154,22.91957],[120.82916,22.92078],[120.82663,22.92859],[120.82537,22.92976],[120.82194,22.93499],[120.82153,22.93887],[120.82178,22.94512],[120.82357,22.95053],[120.82475,22.95245],[120.82305,22.95492],[120.82092,22.96095],[120.82218,22.96463],[120.83014,22.96999],[120.82893,22.97354],[120.83069,22.97583],[120.83222,22.98006],[120.84118,22.984],[120.84218,22.99121],[120.84703,22.99285],[120.85014,22.99642],[120.85206,22.9999],[120.85201,23.00335],[120.85101,23.00503],[120.85823,23.00505],[120.86066,23.00805],[120.86198,23.02207],[120.86068,23.02599],[120.86098,23.02941],[120.86343,23.03226],[120.8662,23.03231],[120.87264,23.0345],[120.87636,23.03422],[120.87946,23.03467],[120.88137,23.04193],[120.88126,23.0442],[120.87867,23.049],[120.87448,23.05112],[120.87372,23.05343],[120.87132,23.05505],[120.86931,23.05993],[120.87314,23.0659],[120.87535,23.06854],[120.87692,23.07572],[120.87807,23.07823],[120.88259,23.08333],[120.8836,23.08656],[120.88576,23.08962],[120.88555,23.09263],[120.88782,23.09668],[120.88915,23.10049],[120.88814,23.10421],[120.8894,23.11044],[120.88677,23.11361],[120.88505,23.12002],[120.88773,23.12177],[120.88586,23.12951],[120.88787,23.13638],[120.88562,23.14462],[120.88106,23.14652],[120.87954,23.14859],[120.8766,23.15095],[120.87939,23.15264],[120.88333,23.15344],[120.88652,23.15581],[120.88735,23.15824],[120.89057,23.15857],[120.895,23.16072],[120.89586,23.17143],[120.89831,23.17312],[120.89844,23.17626],[120.90167,23.17858],[120.90591,23.18058],[120.90905,23.1798],[120.91126,23.18281],[120.91246,23.18676],[120.91089,23.19217],[120.90644,23.19671],[120.90575,23.19955],[120.90715,23.20113],[120.90657,23.20536],[120.90763,23.20706],[120.91046,23.20813],[120.91171,23.21021],[120.91203,23.21702],[120.91171,23.22085],[120.91213,23.22514],[120.91176,23.22843],[120.9143,23.23254],[120.91546,23.23751],[120.91718,23.23832],[120.91941,23.24098],[120.9237,23.24181],[120.92721,23.24464],[120.92956,23.24281],[120.93175,23.24258],[120.9379,23.24495],[120.93834,23.24755],[120.94125,23.25195],[120.9459,23.25276],[120.94901,23.25588],[120.9511,23.25951],[120.95355,23.26081],[120.95816,23.26537],[120.95968,23.27084],[120.96336,23.2721],[120.96611,23.27658],[120.96867,23.27786],[120.97028,23.28061],[120.97366,23.2818],[120.97899,23.28227],[120.98608,23.28032],[120.98776,23.28083],[120.99036,23.2839],[120.99402,23.28444],[120.99925,23.28692],[121.00138,23.28738],[121.00564,23.2906],[121.00837,23.29126],[121.01078,23.29277],[121.01722,23.29285],[121.0201,23.29457],[121.02375,23.29371],[121.02559,23.29602],[121.02832,23.29712],[121.03137,23.30043],[121.0319,23.30367],[121.03623,23.30376],[121.04171,23.30705],[121.0442,23.30748],[121.04644,23.30911],[121.04811,23.31457],[121.04716,23.32001],[121.04878,23.32291],[121.04816,23.32588],[121.04562,23.32747],[121.04182,23.32801],[121.03942,23.32913],[121.03645,23.33351],[121.03278,23.33394],[121.03149,23.3364],[121.027,23.33762],[121.02475,23.33986],[121.02239,23.34609],[121.02227,23.34827],[121.02005,23.35038],[121.01828,23.35024],[121.01755,23.34808],[121.01519,23.34634],[121.0104,23.34581],[121.00754,23.34918],[121.00757,23.35203],[121.00006,23.35652],[120.99466,23.35637],[120.9871,23.35873],[120.98657,23.36342],[120.98811,23.37068],[120.99118,23.37142],[120.99389,23.37594],[120.99933,23.38114],[121.00009,23.38237],[121.00531,23.38339],[121.00772,23.38466],[121.00703,23.38734],[121.00372,23.38894],[121.00113,23.39175],[121.00321,23.39479],[121.005,23.39602],[121.00803,23.3966],[121.01046,23.3951],[121.01464,23.39658],[121.01914,23.40144],[121.02264,23.40027],[121.02597,23.40293],[121.02835,23.40376],[121.02665,23.40604],[121.02741,23.40968],[121.02687,23.4131],[121.02519,23.41416],[121.02774,23.41625],[121.02938,23.42024],[121.02925,23.42279],[121.02272,23.42481],[121.02107,23.42936],[121.01659,23.43097],[121.01416,23.43093],[121.01307,23.43337],[121.01527,23.43541]]]]},"properties":{"COUNTYNAME":"高雄市","COUNTYENG":"Kaohsiung City","COUNTYCODE":"64000"}},
{"type":"Feature","geometry":{"type":"MultiPolygon","coordinates":[[[[121.61179,21.9429],[121.61596,21.94454],[121.61637,21.94683],[121.61572,21.95012],[121.6162,21.9523],[121.61486,21.95488],[121.61294,21.95502],[121.61069,21.95377],[121.60445,21.95243],[121.60417,21.95003],[121.60613,21.94804],[121.60695,21.9443],[121.608,21.94282],[121.61179,21.9429]]],[[[121.50489,22.08473],[121.50094,22.08294],[121.49934,22.08053],[121.49993,22.07928],[121.50318,22.07734],[121.50367,22.07591],[121.50872,22.07018],[121.51002,22.06767],[121.51069,22.06332],[121.50879,22.05934],[121.50859,22.05688],[121.51083,22.04957],[121.5089,22.04767],[121.5152,22.04688],[121.51718,22.04577],[121.5175,22.04402],[121.52172,22.03903],[121.52398,22.03918],[121.52738,22.03442],[121.53074,22.0316],[121.53356,22.02832],[121.5387,22.02438],[121.54223,22.02473],[121.54356,22.02571],[121.54885,22.02569],[121.55327,22.02413],[121.55342,22.02305],[121.55691,22.02167],[121.56227,22.0173],[121.56546,22.01395],[121.56697,22.01098],[121.56939,22.00876],[121.56984,22.00398],[121.57644,22.0029],[121.58098,22.00382],[121.58522,22.00069],[121.58746,21.99978],[121.59079,22.00016],[121.59308,22.00181],[121.59786,22.00935],[121.59859,22.01193],[121.60209,22.01517],[121.60294,22.01853],[121.60088,22.02174],[121.59641,22.02527],[121.59502,22.02537],[121.59103,22.0278],[121.58826,22.02838],[121.57867,22.03243],[121.57616,22.0341],[121.56804,22.04085],[121.56595,22.04435],[121.56407,22.04871],[121.56386,22.05405],[121.56765,22.05814],[121.57098,22.05971],[121.57507,22.0593],[121.5759,22.05997],[121.57088,22.06473],[121.57011,22.07012],[121.56782,22.07318],[121.56782,22.07547],[121.57044,22.08072],[121.5701,22.08241],[121.56646,22.08431],[121.56317,22.08273],[121.55995,22.08037],[121.55676,22.08168],[121.55205,22.08264],[121.54425,22.08261],[121.53707,22.08147],[121.53293,22.08175],[121.53027,22.08109],[121.52891,22.07965],[121.52556,22.08108],[121.51337,22.0804],[121.5085,22.08234],[121.50605,22.08475],[121.50489,22.08473]]],[[[121.49154,22.67746],[121.48998,22.67699],[121.48499,22.67734],[121.47984,22.67408],[121.47276,22.67495],[121.46965,22.67632],[121.46573,22.67637],[121.46433,22.67332],[121.46528,22.67046],[121.46759,22.66863],[121.47068,22.66496],[121.47331,22.66079],[121.47531,22.65871],[121.47449,22.65216],[121.47484,22.65141],[121.4735,22.64648],[121.47755,22.64608],[121.48593,22.64399],[121.49205,22.63907],[121.49296,22.63899],[121.49385,22.63489],[121.49522,22.63249],[121.49771,22.63184],[121.49799,22.63411],[121.49967,22.63508],[121.50329,22.63408],[121.505,22.6357],[121.50463,22.63827],[121.50213,22.64141],[121.50206,22.64389],[121.49953,22.6459],[121.50219,22.6522],[121.50507,22.65149],[121.50587,22.65276],[121.50877,22.65384],[121.50691,22.65717],[121.50876,22.66022],[121.50905,22.66485],[121.5104,22.66686],[121.51055,22.66906],[121.50911,22.6728],[121.51,22.67707],[121.50706,22.67864],[121.50476,22.67697],[121.501,22.67587],[121.49719,22.67593],[121.49347,22.67509],[121.49154,22.67746]]],[[[121.49609,23.43483],[121.49414,23.43533],[121.49208,23.43445],[121.49062,23.43529],[121.48703,23.43361],[121.48474,23.43099],[121.4824,23.43018],[121.47987,23.4311],[121.47758,23.43486],[121.47489,23.43777],[121.47331,23.44062],[121.47057,23.44077],[121.46658,23.43971],[121.46204,23.43955],[121.46166,23.44151],[121.45675,23.44216],[121.45506,23.44112],[121.45235,23.44175],[121.45082,23.4432],[121.44604,23.44355],[121.44435,23.44094],[121.44409,23.43852],[121.44237,23.43719],[121.44109,23.43415],[121.43826,23.43327],[121.4334,23.43287],[121.43313,23.43174],[121.4289,23.42941],[121.42562,23.42622],[121.42572,23.42486],[121.42293,23.42301],[121.41957,23.41942],[121.41997,23.4169],[121.41832,23.41561],[121.41849,23.41387],[121.41568,23.40819],[121.4132,23.40522],[121.41261,23.40268],[121.41049,23.39895],[121.40555,23.39216],[121.40159,23.38879],[121.40001,23.38521],[121.40264,23.37906],[121.40483,23.36927],[121.40425,23.36757],[121.40612,23.36552],[121.41319,23.36385],[121.41798,23.36057],[121.4228,23.36003],[121.4222,23.35498],[121.41835,23.35219],[121.41402,23.34745],[121.40976,23.34595],[121.40665,23.34004],[121.40317,23.33625],[121.4012,23.33169],[121.39959,23.32639],[121.39947,23.32314],[121.39773,23.32169],[121.39214,23.32171],[121.39025,23.32062],[121.39011,23.3159],[121.38794,23.31198],[121.38785,23.31064],[121.38415,23.30839],[121.37781,23.30074],[121.37817,23.29937],[121.37629,23.29577],[121.37716,23.29135],[121.37651,23.28903],[121.37731,23.28753],[121.37685,23.2821],[121.37824,23.27755],[121.3786,23.27451],[121.37792,23.26962],[121.37381,23.26894],[121.37161,23.26678],[121.37037,23.26204],[121.36693,23.26024],[121.36576,23.25799],[121.36292,23.25685],[121.3614,23.25356],[121.3595,23.25281],[121.35922,23.24914],[121.36154,23.2469],[121.3609,23.24435],[121.35782,23.24056],[121.35781,23.23831],[121.35346,23.23337],[121.3526,23.2313],[121.35421,23.22858],[121.35438,23.22553],[121.35628,23.22308],[121.35328,23.22001],[121.35171,23.22025],[121.34997,23.21789],[121.34656,23.21717],[121.34569,23.21357],[121.34688,23.20921],[121.34521,23.20809],[121.34371,23.20396],[121.3432,23.19856],[121.34211,23.19575],[121.34003,23.19407],[121.33762,23.18858],[121.33801,23.18603],[121.33537,23.18139],[121.33493,23.17793],[121.32844,23.17932],[121.3238,23.17839],[121.32393,23.17479],[121.32233,23.17332],[121.32189,23.16947],[121.31867,23.16827],[121.3175,23.16437],[121.3213,23.15926],[121.32201,23.15546],[121.32497,23.15439],[121.3272,23.15219],[121.3244,23.14898],[121.32447,23.14659],[121.32338,23.14498],[121.32205,23.13962],[121.32035,23.13776],[121.32213,23.13209],[121.32152,23.12966],[121.32294,23.12377],[121.32198,23.11724],[121.31962,23.11366],[121.31595,23.11047],[121.30872,23.11125],[121.30343,23.11117],[121.29998,23.10926],[121.29792,23.10995],[121.29142,23.10937],[121.28733,23.10671],[121.28441,23.10657],[121.28288,23.10381],[121.28107,23.10406],[121.27863,23.10111],[121.27471,23.09851],[121.27235,23.09788],[121.27098,23.10092],[121.26944,23.10205],[121.26433,23.10405],[121.26738,23.10939],[121.26712,23.11432],[121.2642,23.11555],[121.26384,23.11807],[121.25957,23.12102],[121.25777,23.12598],[121.2494,23.13142],[121.2483,23.12959],[121.24231,23.12802],[121.23845,23.12874],[121.23464,23.13339],[121.23321,23.13664],[121.23104,23.13918],[121.22507,23.13985],[121.22021,23.14202],[121.21456,23.1439],[121.21206,23.14524],[121.21064,23.14806],[121.21175,23.15367],[121.21251,23.15475],[121.2103,23.1599],[121.20716,23.16209],[121.20558,23.16482],[121.20574,23.16667],[121.20364,23.16878],[121.19917,23.17509],[121.19974,23.17794],[121.19909,23.18256],[121.19792,23.18595],[121.19825,23.18844],[121.19443,23.19251],[121.19188,23.19842],[121.19092,23.20229],[121.1895,23.20372],[121.18439,23.20491],[121.17936,23.20864],[121.17563,23.21019],[121.16969,23.20708],[121.16506,23.20712],[121.16091,23.20596],[121.15609,23.20023],[121.1547,23.19915],[121.15006,23.19856],[121.14559,23.19949],[121.13986,23.20153],[121.13898,23.20281],[121.13809,23.20809],[121.1352,23.2106],[121.13239,23.21549],[121.13136,23.21985],[121.1294,23.2233],[121.12442,23.22503],[121.11948,23.22454],[121.1155,23.22501],[121.10888,23.22352],[121.10565,23.22415],[121.1043,23.22643],[121.09886,23.22806],[121.09638,23.22965],[121.09385,23.23318],[121.09245,23.23388],[121.08654,23.23385],[121.08364,23.23296],[121.0809,23.23376],[121.07935,23.23265],[121.07795,23.23441],[121.07851,23.23741],[121.07401,23.24441],[121.07116,23.24662],[121.07004,23.24876],[121.07011,23.25201],[121.06923,23.25517],[121.06618,23.25728],[121.06504,23.2593],[121.06419,23.26308],[121.06242,23.26584],[121.06065,23.27656],[121.06207,23.27941],[121.0599,23.28331],[121.05939,23.28623],[121.05749,23.2874],[121.05632,23.2903],[121.05104,23.2924],[121.04827,23.29468],[121.04307,23.29631],[121.0389,23.30065],[121.03406,23.29954],[121.02832,23.29712],[121.02559,23.29602],[121.02375,23.29371],[121.0201,23.29457],[121.01722,23.29285],[121.01078,23.29277],[121.00837,23.29126],[121.00564,23.2906],[121.00138,23.28738],[120.99925,23.28692],[120.99402,23.28444],[120.99036,23.2839],[120.98776,23.28083],[120.98608,23.28032],[120.97899,23.28227],[120.97366,23.2818],[120.97028,23.28061],[120.96867,23.27786],[120.96611,23.27658],[120.96336,23.2721],[120.95968,23.27084],[120.95816,23.26537],[120.95355,23.26081],[120.9511,23.25951],[120.94901,23.25588],[120.9459,23.25276],[120.94125,23.25195],[120.93834,23.24755],[120.9379,23.24495],[120.93175,23.24258],[120.92956,23.24281],[120.92721,23.24464],[120.9237,23.24181],[120.91941,23.24098],[120.91718,23.23832],[120.91546,23.23751],[120.9143,23.23254],[120.91176,23.22843],[120.91213,23.22514],[120.91171,23.22085],[120.91203,23.21702],[120.91171,23.21021],[120.91046,23.20813],[120.90763,23.20706],[120.90657,23.20536],[120.90715,23.20113],[120.90575,23.19955],[120.90644,23.19671],[120.91089,23.19217],[120.91246,23.18676],[120.91126,23.18281],[120.90905,23.1798],[120.90591,23.18058],[120.90167,23.17858],[120.89844,23.17626],[120.89831,23.17312],[120.89586,23.17143],[120.895,23.16072],[120.89057,23.15857],[120.88735,23.15824],[120.88652,23.15581],[120.88333,23.15344],[120.87939,23.15264],[120.8766,23.15095],[120.87954,23.14859],[120.88106,23.14652],[120.88562,23.14462],[120.88787,23.13638],[120.88586,23.12951],[120.88773,23.12177],[120.88505,23.12002],[120.88677,23.11361],[120.8894,23.11044],[120.88814,23.10421],[120.88915,23.10049],[120.88782,23.09668],[120.88555,23.09263],[120.88576,23.08962],[120.8836,23.08656],[120.88259,23.08333],[120.87807,23.07823],[120.87692,23.07572],[120.87535,23.06854],[120.87314,23.0659],[120.86931,23.05993],[120.87132,23.05505],[120.87372,23.05343],[120.87448,23.05112],[120.87867,23.049],[120.88126,23.0442],[120.88137,23.04193],[120.87946,23.03467],[120.87636,23.03422],[120.87264,23.0345],[120.8662,23.03231],[120.86343,23.03226],[120.86098,23.02941],[120.86068,23.02599],[120.86198,23.02207],[120.86066,23.00805],[120.85823,23.00505],[120.85101,23.00503],[120.85201,23.00335],[120.85206,22.9999],[120.85014,22.99642],[120.84703,22.99285],[120.84218,22.99121],[120.84118,22.984],[120.83222,22.98006],[120.83069,22.97583],[120.82893,22.97354],[120.83014,22.96999],[120.82218,22.96463],[120.82092,22.96095],[120.82305,22.95492],[120.82475,22.95245],[120.82357,22.95053],[120.82178,22.94512],[120.82153,22.93887],[120.82194,22.93499],[120.82537,22.92976],[120.82663,22.92859],[120.82916,22.92078],[120.83154,22.91957],[120.83329,22.91227],[120.82996,22.90953],[120.82854,22.90521],[120.83064,22.90175],[120.83354,22.89981],[120.8332,22.89823],[120.83521,22.89275],[120.83823,22.88989],[120.83884,22.88464],[120.83988,22.88261],[120.84198,22.88122],[120.85209,22.8781],[120.85516,22.87872],[120.85973,22.87837],[120.86122,22.87615],[120.86498,22.87221],[120.86555,22.86966],[120.8642,22.86667],[120.8598,22.86414],[120.86165,22.8614],[120.86943,22.85795],[120.86929,22.85661],[120.86661,22.85335],[120.86818,22.85133],[120.86774,22.84963],[120.86558,22.84709],[120.86456,22.84308],[120.86399,22.83943],[120.86525,22.83611],[120.86455,22.83217],[120.86167,22.82697],[120.86509,22.8248],[120.86682,22.81965],[120.86863,22.81685],[120.87171,22.81479],[120.87473,22.81525],[120.87716,22.81307],[120.88113,22.81451],[120.89119,22.81162],[120.8944,22.80852],[120.89655,22.80797],[120.89932,22.80471],[120.90089,22.80427],[120.9033,22.79981],[120.90332,22.79372],[120.90169,22.78754],[120.90418,22.78319],[120.90324,22.78046],[120.90386,22.77581],[120.90318,22.77383],[120.90115,22.77206],[120.90034,22.76941],[120.89356,22.76678],[120.89199,22.76386],[120.89481,22.76258],[120.89445,22.75914],[120.89561,22.75574],[120.89415,22.75106],[120.89535,22.7482],[120.89414,22.74327],[120.89564,22.74182],[120.89472,22.73759],[120.89228,22.73519],[120.89239,22.7329],[120.89144,22.72938],[120.88831,22.72672],[120.88728,22.72237],[120.88351,22.71707],[120.87942,22.71607],[120.87548,22.71718],[120.86912,22.71594],[120.86719,22.71689],[120.86138,22.71666],[120.85861,22.71363],[120.85508,22.71745],[120.84869,22.71699],[120.84422,22.71064],[120.84269,22.71017],[120.84332,22.70774],[120.84024,22.70667],[120.83967,22.70395],[120.83803,22.70177],[120.8383,22.6991],[120.83679,22.69708],[120.83117,22.69684],[120.82869,22.69766],[120.82425,22.69555],[120.81988,22.6956],[120.81884,22.69406],[120.81887,22.69088],[120.81633,22.69184],[120.81144,22.69204],[120.80929,22.68839],[120.80802,22.68919],[120.79767,22.6891],[120.79493,22.69091],[120.79232,22.69147],[120.78912,22.69329],[120.78674,22.69274],[120.78948,22.68649],[120.78926,22.68383],[120.79157,22.67918],[120.7886,22.67586],[120.78622,22.67204],[120.78635,22.66298],[120.7857,22.66118],[120.77977,22.65253],[120.77713,22.65047],[120.77383,22.64623],[120.77127,22.64125],[120.76857,22.6383],[120.76765,22.63619],[120.76396,22.63333],[120.76312,22.63114],[120.76131,22.63004],[120.76101,22.62579],[120.75866,22.62384],[120.75487,22.61698],[120.75288,22.61208],[120.75406,22.60855],[120.75407,22.60443],[120.75481,22.60156],[120.75194,22.59673],[120.74659,22.59095],[120.74576,22.58832],[120.74667,22.58401],[120.74908,22.57863],[120.74878,22.5723],[120.74794,22.57108],[120.74153,22.56867],[120.73963,22.56254],[120.74001,22.55924],[120.73905,22.55366],[120.73948,22.55145],[120.74566,22.54073],[120.74802,22.53838],[120.75002,22.53402],[120.74991,22.52936],[120.75166,22.52532],[120.75149,22.52105],[120.7531,22.51798],[120.75388,22.51077],[120.75748,22.50855],[120.75887,22.50587],[120.7627,22.5011],[120.76434,22.49539],[120.76383,22.49116],[120.76045,22.48853],[120.75855,22.48841],[120.75746,22.48183],[120.75152,22.47973],[120.75442,22.47243],[120.75417,22.4694],[120.75175,22.46454],[120.75161,22.45841],[120.75424,22.45732],[120.75808,22.45852],[120.76273,22.45452],[120.76545,22.4529],[120.77192,22.45184],[120.77587,22.45035],[120.77645,22.44894],[120.77503,22.44429],[120.77682,22.44001],[120.78026,22.43713],[120.78276,22.43326],[120.78477,22.42812],[120.78687,22.42518],[120.78805,22.41987],[120.78964,22.41765],[120.78299,22.41134],[120.78036,22.40945],[120.77476,22.40901],[120.77363,22.40709],[120.77058,22.4069],[120.76833,22.40862],[120.76494,22.40893],[120.76321,22.40716],[120.75812,22.4049],[120.75419,22.4051],[120.75758,22.39807],[120.7538,22.39643],[120.75228,22.39391],[120.75241,22.39205],[120.75648,22.38838],[120.7505,22.38409],[120.74862,22.38038],[120.74913,22.37569],[120.74752,22.3714],[120.74484,22.37017],[120.74346,22.36726],[120.75243,22.36054],[120.75843,22.35945],[120.761,22.36042],[120.76318,22.35897],[120.76282,22.35669],[120.76359,22.35224],[120.76526,22.3495],[120.76795,22.3474],[120.77167,22.34863],[120.7758,22.34874],[120.77911,22.34791],[120.78106,22.34637],[120.78506,22.34552],[120.78655,22.34214],[120.78847,22.34157],[120.78923,22.33839],[120.79247,22.33562],[120.79237,22.33074],[120.79363,22.32347],[120.79483,22.32302],[120.79679,22.31832],[120.79593,22.31621],[120.79296,22.31241],[120.78713,22.30921],[120.7832,22.30946],[120.77815,22.3085],[120.77683,22.30258],[120.77774,22.29797],[120.78155,22.2946],[120.78861,22.294],[120.79113,22.29065],[120.79112,22.28812],[120.7934,22.28572],[120.79899,22.28541],[120.80069,22.28425],[120.80548,22.28409],[120.80582,22.2813],[120.80697,22.27966],[120.80677,22.27716],[120.80487,22.27678],[120.80008,22.27728],[120.79819,22.27646],[120.7962,22.26794],[120.79937,22.26539],[120.79857,22.26357],[120.79884,22.25997],[120.7979,22.25794],[120.79972,22.25718],[120.80939,22.26069],[120.8154,22.26322],[120.81865,22.2612],[120.82123,22.25871],[120.82591,22.25665],[120.8315,22.25006],[120.83254,22.24725],[120.83939,22.24367],[120.84129,22.24458],[120.84488,22.24284],[120.84642,22.24353],[120.85084,22.24366],[120.85546,22.2415],[120.85867,22.24082],[120.85918,22.23847],[120.86162,22.23747],[120.86354,22.23556],[120.86386,22.23114],[120.86668,22.22981],[120.86867,22.23128],[120.87084,22.23139],[120.87145,22.23294],[120.87653,22.23485],[120.88088,22.23503],[120.88403,22.24059],[120.88592,22.24199],[120.89138,22.2443],[120.89224,22.24552],[120.89629,22.24643],[120.896,22.25268],[120.8945,22.2609],[120.89525,22.26186],[120.89453,22.26512],[120.89306,22.26669],[120.89187,22.27749],[120.89166,22.28296],[120.89193,22.28965],[120.89162,22.29792],[120.89186,22.308],[120.89298,22.32313],[120.89491,22.33466],[120.8966,22.33733],[120.89865,22.34372],[120.90032,22.34677],[120.90261,22.35255],[120.90484,22.35553],[120.90883,22.3592],[120.91034,22.36722],[120.91345,22.38048],[120.91487,22.38492],[120.91892,22.39299],[120.92052,22.39481],[120.92211,22.39842],[120.92358,22.40436],[120.9252,22.40897],[120.92885,22.41718],[120.9316,22.42044],[120.9331,22.42321],[120.9343,22.42719],[120.93769,22.4356],[120.94176,22.44662],[120.94437,22.45186],[120.94909,22.46667],[120.95146,22.47633],[120.95453,22.48552],[120.9551,22.49002],[120.95662,22.49521],[120.95885,22.50112],[120.95936,22.50476],[120.96213,22.51197],[120.96837,22.52689],[120.97117,22.53542],[120.97457,22.54677],[120.97714,22.5541],[120.98107,22.56256],[120.98561,22.56946],[120.99003,22.57326],[120.99799,22.57813],[121.00366,22.58344],[121.0072,22.58618],[121.00916,22.58896],[121.01026,22.59579],[121.0103,22.59944],[121.01125,22.60499],[121.01178,22.61377],[121.0126,22.61951],[121.01719,22.63568],[121.02182,22.64728],[121.02228,22.64923],[121.02574,22.65584],[121.0292,22.66088],[121.03525,22.66747],[121.03933,22.67034],[121.04565,22.67286],[121.04805,22.67321],[121.05536,22.6761],[121.05957,22.67935],[121.06424,22.68201],[121.06826,22.68652],[121.07082,22.68861],[121.07311,22.69175],[121.07709,22.69529],[121.08136,22.6982],[121.08734,22.70078],[121.09245,22.7034],[121.09607,22.70459],[121.10113,22.70516],[121.10967,22.70941],[121.11762,22.71413],[121.12059,22.71476],[121.12369,22.71625],[121.12811,22.71936],[121.13691,22.72909],[121.13959,22.73132],[121.14186,22.73185],[121.14509,22.73445],[121.14793,22.73825],[121.15194,22.74197],[121.15678,22.74732],[121.16106,22.74974],[121.16599,22.75117],[121.17376,22.75615],[121.17699,22.7601],[121.17867,22.76456],[121.18025,22.77131],[121.18047,22.77938],[121.1814,22.7829],[121.18585,22.7889],[121.18789,22.79066],[121.19517,22.79048],[121.19618,22.79242],[121.19792,22.79297],[121.1987,22.79496],[121.20099,22.79605],[121.20089,22.79877],[121.19878,22.80675],[121.19713,22.80977],[121.19747,22.81534],[121.19411,22.81767],[121.19303,22.82173],[121.1919,22.8227],[121.19243,22.82543],[121.18749,22.82928],[121.18623,22.83398],[121.18804,22.83549],[121.19006,22.84408],[121.18925,22.8463],[121.19148,22.84968],[121.19732,22.85409],[121.19879,22.85672],[121.20139,22.8571],[121.20904,22.86309],[121.21094,22.86315],[121.21745,22.86486],[121.22024,22.86501],[121.22359,22.86694],[121.22559,22.86711],[121.23209,22.86413],[121.23335,22.86449],[121.23613,22.8679],[121.2351,22.8696],[121.23624,22.87377],[121.23994,22.87963],[121.2471,22.88129],[121.25096,22.88608],[121.25558,22.89517],[121.25915,22.89828],[121.26039,22.90263],[121.2622,22.90645],[121.26374,22.90805],[121.2687,22.91111],[121.27283,22.91783],[121.27486,22.92495],[121.27889,22.93156],[121.27874,22.93426],[121.2798,22.93909],[121.28173,22.94523],[121.28427,22.94958],[121.28651,22.95073],[121.28744,22.95285],[121.29141,22.95547],[121.29523,22.9546],[121.29597,22.95674],[121.29939,22.95958],[121.30733,22.9696],[121.31081,22.97291],[121.3114,22.97489],[121.31368,22.9768],[121.31649,22.98124],[121.32067,22.98969],[121.32376,22.99389],[121.32161,22.99715],[121.32191,23.00176],[121.32323,23.00485],[121.32532,23.00468],[121.32834,23.00924],[121.32873,23.0152],[121.33037,23.01699],[121.33637,23.01932],[121.33689,23.02089],[121.33502,23.02283],[121.33661,23.02522],[121.33916,23.02591],[121.33949,23.02802],[121.33824,23.02926],[121.33876,23.03412],[121.34164,23.04244],[121.3433,23.04365],[121.34412,23.04638],[121.34371,23.04833],[121.34574,23.05096],[121.34627,23.05294],[121.34651,23.05893],[121.34813,23.06463],[121.34933,23.0667],[121.35671,23.07377],[121.35508,23.07966],[121.3577,23.08209],[121.35784,23.08541],[121.35953,23.08892],[121.36348,23.09402],[121.36614,23.09617],[121.37104,23.09578],[121.37507,23.09652],[121.38294,23.09549],[121.38465,23.09678],[121.38531,23.10087],[121.38762,23.10231],[121.3877,23.10509],[121.39161,23.10828],[121.39516,23.11343],[121.39752,23.11457],[121.40096,23.11349],[121.40291,23.11378],[121.40702,23.11589],[121.40804,23.11772],[121.41349,23.12358],[121.41849,23.12269],[121.42473,23.12645],[121.42315,23.12776],[121.42089,23.12685],[121.41635,23.12677],[121.41368,23.12409],[121.41115,23.12398],[121.40648,23.12565],[121.40418,23.12722],[121.3998,23.13512],[121.39987,23.13788],[121.40098,23.14201],[121.40109,23.14605],[121.39934,23.14843],[121.40038,23.15069],[121.40252,23.15085],[121.405,23.15411],[121.4052,23.1561],[121.40759,23.16228],[121.40775,23.16684],[121.40682,23.17028],[121.40294,23.17182],[121.4027,23.17422],[121.40394,23.17649],[121.40358,23.17873],[121.39931,23.18314],[121.39837,23.18571],[121.39748,23.19286],[121.39646,23.19588],[121.3962,23.20112],[121.39813,23.20797],[121.40047,23.20904],[121.40282,23.21225],[121.40449,23.213],[121.40884,23.21307],[121.41266,23.21687],[121.42039,23.22632],[121.41797,23.22828],[121.41605,23.22746],[121.41513,23.2302],[121.4149,23.23493],[121.41691,23.23862],[121.41704,23.24146],[121.419,23.24531],[121.4187,23.24693],[121.42081,23.25005],[121.42082,23.25762],[121.42193,23.25862],[121.42271,23.26188],[121.42406,23.26425],[121.4274,23.266],[121.42744,23.27266],[121.42974,23.28143],[121.43287,23.28813],[121.43427,23.28888],[121.43619,23.29246],[121.43825,23.29414],[121.43918,23.29686],[121.44202,23.29827],[121.44148,23.29987],[121.44346,23.30392],[121.44661,23.30491],[121.44774,23.30669],[121.44701,23.30889],[121.45405,23.31351],[121.45766,23.31376],[121.46203,23.31254],[121.46291,23.31779],[121.46568,23.32187],[121.4665,23.32981],[121.46775,23.33194],[121.46764,23.34562],[121.46825,23.34796],[121.47221,23.35243],[121.47186,23.35575],[121.4708,23.35668],[121.47367,23.36421],[121.4722,23.36967],[121.47221,23.37154],[121.47392,23.37828],[121.47486,23.38662],[121.47676,23.38952],[121.47709,23.39327],[121.4782,23.39552],[121.48204,23.39728],[121.48181,23.40212],[121.48349,23.40407],[121.48408,23.41074],[121.48572,23.41258],[121.48971,23.42427],[121.49249,23.42684],[121.49609,23.43483]]]]},"properties":{"COUNTYNAME":"臺東縣","COUNTYENG":"Taitung County","COUNTYCODE":"10014"}},
{"type":"Feature","geometry":{"type":"Polygon","coordinates":[[[121.77407,24.31527],[121.77272,24.31363],[121.77014,24.31312],[121.75911,24.3142],[121.75524,24.31627],[121.74806,24.32104],[121.74474,24.32285],[121.74006,24.32356],[121.73518,24.32307],[121.72779,24.32599],[121.72346,24.32548],[121.71435,24.32672],[121.70646,24.32908],[121.70266,24.33088],[121.69732,24.33426],[121.69361,24.33485],[121.6895,24.33358],[121.68728,24.33488],[121.68682,24.33916],[121.68401,24.34077],[121.67835,24.33805],[121.67594,24.33746],[121.67354,24.33983],[121.67398,24.3434],[121.6701,24.34282],[121.66868,24.34349],[121.66648,24.34752],[121.6639,24.34917],[121.66324,24.35279],[121.6613,24.35291],[121.66021,24.35117],[121.65745,24.35293],[121.65332,24.35256],[121.65383,24.35536],[121.65068,24.35985],[121.64819,24.35836],[121.64798,24.35669],[121.65003,24.35487],[121.65072,24.35093],[121.64891,24.3494],[121.6466,24.35191],[121.64386,24.35351],[121.64228,24.35609],[121.64063,24.35699],[121.6403,24.35955],[121.63728,24.36314],[121.63503,24.36372],[121.63478,24.36653],[121.63092,24.36611],[121.63167,24.36922],[121.63095,24.37055],[121.62668,24.36936],[121.62171,24.36663],[121.62076,24.36255],[121.62339,24.36161],[121.62152,24.35991],[121.62175,24.35717],[121.6269,24.35412],[121.62742,24.34945],[121.63094,24.34835],[121.63223,24.34922],[121.63512,24.34836],[121.63593,24.34611],[121.63467,24.34449],[121.6315,24.34427],[121.63298,24.3399],[121.63297,24.33496],[121.62936,24.33347],[121.62669,24.33563],[121.62806,24.33861],[121.62748,24.34112],[121.6229,24.33944],[121.62029,24.34533],[121.61803,24.34464],[121.61658,24.34068],[121.61649,24.33691],[121.61827,24.33628],[121.61841,24.33436],[121.61573,24.33322],[121.61316,24.33555],[121.61131,24.33602],[121.60758,24.33522],[121.60654,24.33273],[121.60646,24.33006],[121.60306,24.32931],[121.60048,24.33113],[121.59945,24.33337],[121.59676,24.33326],[121.5958,24.33169],[121.59657,24.32814],[121.60138,24.32298],[121.6011,24.32058],[121.60464,24.31827],[121.60515,24.31541],[121.60702,24.31264],[121.6051,24.31065],[121.60119,24.31469],[121.59719,24.31629],[121.59376,24.31641],[121.58923,24.314],[121.58752,24.31606],[121.58236,24.3178],[121.57854,24.31814],[121.57585,24.31967],[121.56961,24.31794],[121.56637,24.31918],[121.56333,24.32223],[121.56009,24.32264],[121.55774,24.326],[121.55608,24.33115],[121.55075,24.33419],[121.54862,24.33623],[121.54473,24.33782],[121.54054,24.33591],[121.53545,24.33738],[121.53327,24.33706],[121.53089,24.33861],[121.52775,24.33915],[121.52564,24.34205],[121.52216,24.34302],[121.51849,24.34115],[121.51552,24.34181],[121.51369,24.34082],[121.5101,24.3411],[121.5081,24.34312],[121.50438,24.34293],[121.49812,24.33923],[121.49224,24.34209],[121.49076,24.34407],[121.48744,24.34606],[121.48548,24.34837],[121.48253,24.34867],[121.47887,24.35188],[121.47526,24.35126],[121.47319,24.35261],[121.46498,24.35556],[121.46129,24.35788],[121.45429,24.36364],[121.45201,24.36468],[121.44866,24.36278],[121.44747,24.35984],[121.44157,24.35859],[121.43954,24.35401],[121.43779,24.35205],[121.43562,24.34725],[121.43774,24.34245],[121.43431,24.33827],[121.43249,24.32959],[121.43444,24.32571],[121.43495,24.32256],[121.43398,24.32113],[121.43135,24.32025],[121.42849,24.31736],[121.4261,24.31397],[121.42323,24.30822],[121.42024,24.30762],[121.41668,24.30915],[121.41144,24.30726],[121.40539,24.3083],[121.40457,24.30233],[121.40277,24.29595],[121.39998,24.29369],[121.39723,24.29053],[121.39658,24.28874],[121.39352,24.28823],[121.39094,24.28974],[121.38963,24.28726],[121.38558,24.28336],[121.3823,24.28162],[121.38047,24.27948],[121.38216,24.27618],[121.38327,24.26798],[121.38568,24.26402],[121.38525,24.26047],[121.38578,24.25862],[121.38513,24.25512],[121.37842,24.25282],[121.3731,24.2541],[121.3699,24.25254],[121.36702,24.25217],[121.36426,24.24707],[121.36067,24.24394],[121.35854,24.2436],[121.35623,24.24457],[121.35261,24.24385],[121.35317,24.24012],[121.35296,24.23638],[121.35203,24.23407],[121.34905,24.23164],[121.3484,24.22999],[121.34302,24.22355],[121.34787,24.21258],[121.34929,24.21064],[121.34835,24.20733],[121.34968,24.20024],[121.34484,24.19989],[121.34086,24.19846],[121.33581,24.19911],[121.3307,24.19776],[121.32884,24.19664],[121.32577,24.19617],[121.32418,24.19467],[121.32301,24.19197],[121.32049,24.19146],[121.31737,24.18811],[121.31612,24.18553],[121.31103,24.18325],[121.30762,24.18061],[121.30565,24.18005],[121.29879,24.18009],[121.29644,24.17832],[121.29171,24.17711],[121.28812,24.17767],[121.28622,24.17603],[121.28768,24.17328],[121.28829,24.16623],[121.2878,24.15721],[121.28481,24.15728],[121.28198,24.15819],[121.28041,24.1577],[121.28103,24.15449],[121.28322,24.15384],[121.28468,24.15204],[121.28422,24.14585],[121.28209,24.13969],[121.28137,24.13587],[121.28481,24.13471],[121.29586,24.13244],[121.30149,24.12747],[121.30354,24.12458],[121.31163,24.12019],[121.31588,24.11642],[121.31968,24.11656],[121.32529,24.11594],[121.3285,24.11441],[121.32807,24.11147],[121.32693,24.11026],[121.32647,24.106],[121.32523,24.10183],[121.32233,24.09949],[121.31912,24.0954],[121.31919,24.09277],[121.32115,24.08887],[121.3233,24.08654],[121.32313,24.08494],[121.31838,24.08006],[121.31438,24.07774],[121.30819,24.07331],[121.30585,24.06927],[121.30233,24.06635],[121.30104,24.06372],[121.29892,24.06164],[121.29554,24.06378],[121.2934,24.0616],[121.29052,24.06034],[121.28943,24.05889],[121.28647,24.05796],[121.28321,24.05427],[121.28261,24.05128],[121.28459,24.04916],[121.2856,24.04518],[121.28573,24.03972],[121.28226,24.03425],[121.28186,24.03215],[121.28018,24.0306],[121.27866,24.02682],[121.27661,24.02461],[121.27632,24.02015],[121.27179,24.01312],[121.27031,24.01002],[121.26942,24.00634],[121.26799,24.00377],[121.26544,24.00103],[121.26391,23.99775],[121.26011,23.99232],[121.26161,23.98124],[121.26487,23.97536],[121.27322,23.97537],[121.27508,23.97187],[121.27562,23.96836],[121.27791,23.96583],[121.27525,23.96042],[121.27582,23.95586],[121.27471,23.95145],[121.27182,23.94822],[121.27429,23.94572],[121.27404,23.942],[121.27208,23.93822],[121.27386,23.93622],[121.27371,23.93413],[121.27485,23.93154],[121.27341,23.92849],[121.27651,23.92316],[121.27513,23.91888],[121.27627,23.91597],[121.27544,23.9147],[121.27611,23.91012],[121.2749,23.90754],[121.27043,23.9065],[121.26627,23.90727],[121.26106,23.9026],[121.26271,23.8989],[121.26598,23.89868],[121.26523,23.89641],[121.26604,23.8942],[121.26551,23.89124],[121.26741,23.889],[121.26845,23.88375],[121.26551,23.88314],[121.26337,23.88122],[121.26293,23.8795],[121.26421,23.87662],[121.26499,23.87275],[121.25797,23.87233],[121.25694,23.86946],[121.25288,23.86744],[121.25297,23.86368],[121.25214,23.8613],[121.2504,23.86085],[121.25019,23.85665],[121.2488,23.85391],[121.24892,23.85213],[121.24452,23.84891],[121.24348,23.84498],[121.23977,23.84105],[121.23929,23.83714],[121.23773,23.83249],[121.23814,23.83016],[121.23695,23.82381],[121.23891,23.82203],[121.23468,23.81751],[121.23455,23.81217],[121.23213,23.81036],[121.2276,23.80861],[121.22791,23.80533],[121.22647,23.80441],[121.22551,23.79824],[121.22658,23.79609],[121.22706,23.79128],[121.23033,23.79028],[121.23052,23.7883],[121.22835,23.78522],[121.22365,23.7824],[121.21942,23.78164],[121.21828,23.77972],[121.21297,23.77691],[121.21173,23.77558],[121.20921,23.77599],[121.20697,23.7751],[121.20532,23.77113],[121.20665,23.76741],[121.20863,23.76551],[121.20646,23.76289],[121.21097,23.76111],[121.21317,23.75762],[121.21864,23.75638],[121.22148,23.75272],[121.22523,23.75178],[121.22931,23.75227],[121.23252,23.7506],[121.23308,23.74795],[121.23008,23.74718],[121.22882,23.74428],[121.22892,23.73988],[121.22843,23.73647],[121.22969,23.73317],[121.22964,23.73019],[121.23324,23.72895],[121.23621,23.72436],[121.23881,23.72315],[121.23782,23.71985],[121.23929,23.71702],[121.23927,23.71096],[121.24117,23.70901],[121.24112,23.70581],[121.23935,23.69978],[121.24121,23.69846],[121.23937,23.69469],[121.23932,23.68674],[121.23739,23.68511],[121.236,23.68234],[121.23428,23.68096],[121.2327,23.67805],[121.23263,23.67629],[121.23462,23.67384],[121.23601,23.67051],[121.23602,23.66467],[121.23542,23.66141],[121.23193,23.65788],[121.23069,23.65355],[121.23118,23.65135],[121.23025,23.64799],[121.22771,23.64518],[121.22426,23.63913],[121.22401,23.63293],[121.2248,23.63043],[121.22473,23.62682],[121.2238,23.62358],[121.22087,23.61922],[121.21995,23.61693],[121.21732,23.6147],[121.21594,23.60727],[121.21473,23.60548],[121.21312,23.60008],[121.20813,23.59824],[121.20623,23.59579],[121.20013,23.5964],[121.19456,23.60052],[121.19093,23.59794],[121.18941,23.59481],[121.18362,23.59321],[121.18231,23.59123],[121.17983,23.59009],[121.18001,23.58746],[121.17883,23.58312],[121.17108,23.58444],[121.16941,23.58657],[121.16675,23.58714],[121.16051,23.58704],[121.15738,23.58591],[121.15557,23.58705],[121.15339,23.58678],[121.15198,23.58127],[121.15192,23.57391],[121.15343,23.57167],[121.1583,23.56984],[121.16034,23.56783],[121.15802,23.56405],[121.15714,23.55956],[121.15119,23.55986],[121.14995,23.55735],[121.14803,23.55658],[121.14623,23.5542],[121.14766,23.55294],[121.15087,23.54578],[121.14852,23.53972],[121.14831,23.53634],[121.14688,23.53411],[121.1491,23.53164],[121.1511,23.52725],[121.14695,23.52719],[121.13834,23.52059],[121.13557,23.51525],[121.13225,23.51511],[121.13113,23.51748],[121.12827,23.51849],[121.12635,23.51705],[121.12045,23.521],[121.1169,23.52153],[121.11549,23.52023],[121.10962,23.519],[121.10672,23.51943],[121.10367,23.51893],[121.10102,23.52125],[121.09757,23.52169],[121.09311,23.51755],[121.0921,23.51484],[121.08811,23.51405],[121.08276,23.5147],[121.07503,23.51741],[121.06852,23.51848],[121.06876,23.51477],[121.0661,23.50797],[121.06602,23.50612],[121.06298,23.50384],[121.06208,23.49943],[121.05725,23.49619],[121.05486,23.49605],[121.05279,23.49357],[121.05415,23.4899],[121.05333,23.48749],[121.05012,23.48653],[121.04873,23.48271],[121.04497,23.48054],[121.04309,23.47805],[121.03901,23.47443],[121.04441,23.47012],[121.04965,23.46783],[121.05113,23.46449],[121.059,23.46189],[121.05815,23.46004],[121.05567,23.45903],[121.05324,23.45544],[121.05334,23.45345],[121.05206,23.45101],[121.04646,23.45087],[121.04396,23.44896],[121.04076,23.44824],[121.03754,23.44646],[121.03353,23.44544],[121.03376,23.44418],[121.03142,23.44221],[121.02866,23.44161],[121.02652,23.43915],[121.02189,23.43888],[121.01851,23.43595],[121.01527,23.43541],[121.01307,23.43337],[121.01416,23.43093],[121.01659,23.43097],[121.02107,23.42936],[121.02272,23.42481],[121.02925,23.42279],[121.02938,23.42024],[121.02774,23.41625],[121.02519,23.41416],[121.02687,23.4131],[121.02741,23.40968],[121.02665,23.40604],[121.02835,23.40376],[121.02597,23.40293],[121.02264,23.40027],[121.01914,23.40144],[121.01464,23.39658],[121.01046,23.3951],[121.00803,23.3966],[121.005,23.39602],[121.00321,23.39479],[121.00113,23.39175],[121.00372,23.38894],[121.00703,23.38734],[121.00772,23.38466],[121.00531,23.38339],[121.00009,23.38237],[120.99933,23.38114],[120.99389,23.37594],[120.99118,23.37142],[120.98811,23.37068],[120.98657,23.36342],[120.9871,23.35873],[120.99466,23.35637],[121.00006,23.35652],[121.00757,23.35203],[121.00754,23.34918],[121.0104,23.34581],[121.01519,23.34634],[121.01755,23.34808],[121.01828,23.35024],[121.02005,23.35038],[121.02227,23.34827],[121.02239,23.34609],[121.02475,23.33986],[121.027,23.33762],[121.03149,23.3364],[121.03278,23.33394],[121.03645,23.33351],[121.03942,23.32913],[121.04182,23.32801],[121.04562,23.32747],[121.04816,23.32588],[121.04878,23.32291],[121.04716,23.32001],[121.04811,23.31457],[121.04644,23.30911],[121.0442,23.30748],[121.04171,23.30705],[121.03623,23.30376],[121.0319,23.30367],[121.03137,23.30043],[121.02832,23.29712],[121.03406,23.29954],[121.0389,23.30065],[121.04307,23.29631],[121.04827,23.29468],[121.05104,23.2924],[121.05632,23.2903],[121.05749,23.2874],[121.05939,23.28623],[121.0599,23.28331],[121.06207,23.27941],[121.06065,23.27656],[121.06242,23.26584],[121.06419,23.26308],[121.06504,23.2593],[121.06618,23.25728],[121.06923,23.25517],[121.07011,23.25201],[121.07004,23.24876],[121.07116,23.24662],[121.07401,23.24441],[121.07851,23.23741],[121.07795,23.23441],[121.07935,23.23265],[121.0809,23.23376],[121.08364,23.23296],[121.08654,23.23385],[121.09245,23.23388],[121.09385,23.23318],[121.09638,23.22965],[121.09886,23.22806],[121.1043,23.22643],[121.10565,23.22415],[121.10888,23.22352],[121.1155,23.22501],[121.11948,23.22454],[121.12442,23.22503],[121.1294,23.2233],[121.13136,23.21985],[121.13239,23.21549],[121.1352,23.2106],[121.13809,23.20809],[121.13898,23.20281],[121.13986,23.20153],[121.14559,23.19949],[121.15006,23.19856],[121.1547,23.19915],[121.15609,23.20023],[121.16091,23.20596],[121.16506,23.20712],[121.16969,23.20708],[121.17563,23.21019],[121.17936,23.20864],[121.18439,23.20491],[121.1895,23.20372],[121.19092,23.20229],[121.19188,23.19842],[121.19443,23.19251],[121.19825,23.18844],[121.19792,23.18595],[121.19909,23.18256],[121.19974,23.17794],[121.19917,23.17509],[121.20364,23.16878],[121.20574,23.16667],[121.20558,23.16482],[121.20716,23.16209],[121.2103,23.1599],[121.21251,23.15475],[121.21175,23.15367],[121.21064,23.14806],[121.21206,23.14524],[121.21456,23.1439],[121.22021,23.14202],[121.22507,23.13985],[121.23104,23.13918],[121.23321,23.13664],[121.23464,23.13339],[121.23845,23.12874],[121.24231,23.12802],[121.2483,23.12959],[121.2494,23.13142],[121.25777,23.12598],[121.25957,23.12102],[121.26384,23.11807],[121.2642,23.11555],[121.26712,23.11432],[121.26738,23.10939],[121.26433,23.10405],[121.26944,23.10205],[121.27098,23.10092],[121.27235,23.09788],[121.27471,23.09851],[121.27863,23.10111],[121.28107,23.10406],[121.28288,23.10381],[121.28441,23.10657],[121.28733,23.10671],[121.29142,23.10937],[121.29792,23.10995],[121.29998,23.10926],[121.30343,23.11117],[121.30872,23.11125],[121.31595,23.11047],[121.31962,23.11366],[121.32198,23.11724],[121.32294,23.12377],[121.32152,23.12966],[121.32213,23.13209],[121.32035,23.13776],[121.32205,23.13962],[121.32338,23.14498],[121.32447,23.14659],[121.3244,23.14898],[121.3272,23.15219],[121.32497,23.15439],[121.32201,23.15546],[121.3213,23.15926],[121.3175,23.16437],[121.31867,23.16827],[121.32189,23.16947],[121.32233,23.17332],[121.32393,23.17479],[121.3238,23.17839],[121.32844,23.17932],[121.33493,23.17793],[121.33537,23.18139],[121.33801,23.18603],[121.33762,23.18858],[121.34003,23.19407],[121.34211,23.19575],[121.3432,23.19856],[121.34371,23.20396],[121.34521,23.20809],[121.34688,23.20921],[121.34569,23.21357],[121.34656,23.21717],[121.34997,23.21789],[121.35171,23.22025],[121.35328,23.22001],[121.35628,23.22308],[121.35438,23.22553],[121.35421,23.22858],[121.3526,23.2313],[121.35346,23.23337],[121.35781,23.23831],[121.35782,23.24056],[121.3609,23.24435],[121.36154,23.2469],[121.35922,23.24914],[121.3595,23.25281],[121.3614,23.25356],[121.36292,23.25685],[121.36576,23.25799],[121.36693,23.26024],[121.37037,23.26204],[121.37161,23.26678],[121.37381,23.26894],[121.37792,23.26962],[121.3786,23.27451],[121.37824,23.27755],[121.37685,23.2821],[121.37731,23.28753],[121.37651,23.28903],[121.37716,23.29135],[121.37629,23.29577],[121.37817,23.29937],[121.37781,23.30074],[121.38415,23.30839],[121.38785,23.31064],[121.38794,23.31198],[121.39011,23.3159],[121.39025,23.32062],[121.39214,23.32171],[121.39773,23.32169],[121.39947,23.32314],[121.39959,23.32639],[121.4012,23.33169],[121.40317,23.33625],[121.40665,23.34004],[121.40976,23.34595],[121.41402,23.34745],[121.41835,23.35219],[121.4222,23.35498],[121.4228,23.36003],[121.41798,23.36057],[121.41319,23.36385],[121.40612,23.36552],[121.40425,23.36757],[121.40483,23.36927],[121.40264,23.37906],[121.40001,23.38521],[121.40159,23.38879],[121.40555,23.39216],[121.41049,23.39895],[121.41261,23.40268],[121.4132,23.40522],[121.41568,23.40819],[121.41849,23.41387],[121.41832,23.41561],[121.41997,23.4169],[121.41957,23.41942],[121.42293,23.42301],[121.42572,23.42486],[121.42562,23.42622],[121.4289,23.42941],[121.43313,23.43174],[121.4334,23.43287],[121.43826,23.43327],[121.44109,23.43415],[121.44237,23.43719],[121.44409,23.43852],[121.44435,23.44094],[121.44604,23.44355],[121.45082,23.4432],[121.45235,23.44175],[121.45506,23.44112],[121.45675,23.44216],[121.46166,23.44151],[121.46204,23.43955],[121.46658,23.43971],[121.47057,23.44077],[121.47331,23.44062],[121.47489,23.43777],[121.47758,23.43486],[121.47987,23.4311],[121.4824,23.43018],[121.48474,23.43099],[121.48703,23.43361],[121.49062,23.43529],[121.49208,23.43445],[121.49414,23.43533],[121.49609,23.43483],[121.49792,23.44697],[121.49938,23.45238],[121.49983,23.45616],[121.50178,23.4602],[121.50279,23.46478],[121.50414,23.46848],[121.50809,23.47172],[121.50971,23.47944],[121.51224,23.48166],[121.51271,23.48545],[121.51395,23.48716],[121.51283,23.49129],[121.51017,23.49237],[121.50809,23.49118],[121.50701,23.49491],[121.50626,23.50025],[121.50608,23.50487],[121.50497,23.50547],[121.50442,23.50843],[121.50487,23.51383],[121.50357,23.51745],[121.50537,23.5294],[121.50803,23.5315],[121.50703,23.53419],[121.50807,23.53715],[121.51134,23.55149],[121.51358,23.55548],[121.51689,23.56014],[121.51859,23.56346],[121.52201,23.56706],[121.52309,23.57159],[121.52629,23.57639],[121.52595,23.58137],[121.52996,23.59613],[121.52947,23.59779],[121.53049,23.60181],[121.52998,23.60308],[121.52981,23.60907],[121.53105,23.61839],[121.53123,23.62647],[121.53352,23.63442],[121.53588,23.64562],[121.53731,23.64855],[121.53989,23.65158],[121.54277,23.65256],[121.54376,23.65601],[121.541,23.66053],[121.54536,23.66457],[121.54532,23.66855],[121.54657,23.67196],[121.54618,23.67524],[121.54725,23.67964],[121.54877,23.68322],[121.55049,23.68985],[121.55069,23.69245],[121.55336,23.69835],[121.55066,23.70045],[121.54986,23.70295],[121.54929,23.71178],[121.54989,23.71656],[121.55224,23.72274],[121.55368,23.72441],[121.55764,23.72627],[121.56114,23.73334],[121.56317,23.73578],[121.56402,23.73925],[121.56702,23.74262],[121.56829,23.74687],[121.56981,23.74946],[121.57052,23.75232],[121.57245,23.75661],[121.57314,23.76235],[121.57208,23.76258],[121.57126,23.76613],[121.57081,23.77676],[121.57081,23.78238],[121.5721,23.7912],[121.5724,23.79793],[121.57388,23.80424],[121.57653,23.81091],[121.58126,23.816],[121.5834,23.81983],[121.58589,23.82931],[121.58752,23.83144],[121.58959,23.83736],[121.59187,23.84058],[121.59392,23.84459],[121.5949,23.84854],[121.59824,23.85702],[121.59961,23.86372],[121.59981,23.86758],[121.6018,23.8743],[121.6041,23.88738],[121.60569,23.89941],[121.60489,23.90413],[121.60518,23.91078],[121.60602,23.91591],[121.60714,23.91984],[121.60921,23.9239],[121.60996,23.93037],[121.61187,23.93333],[121.61017,23.94311],[121.60691,23.95277],[121.6079,23.96016],[121.61225,23.96658],[121.61584,23.97321],[121.61912,23.97624],[121.62219,23.97787],[121.62455,23.97624],[121.62659,23.97372],[121.62828,23.96947],[121.635,23.97982],[121.63483,23.98464],[121.63956,23.99541],[121.64141,23.99897],[121.64315,23.99959],[121.64493,24.00375],[121.64747,24.00704],[121.64792,24.00895],[121.64618,24.01405],[121.64367,24.01939],[121.6365,24.02388],[121.63053,24.03026],[121.62558,24.03832],[121.62071,24.04836],[121.61892,24.05314],[121.61649,24.06146],[121.61568,24.07087],[121.6162,24.0786],[121.61738,24.08344],[121.61931,24.08801],[121.61913,24.08958],[121.62101,24.09328],[121.62218,24.09376],[121.62548,24.09907],[121.62836,24.10269],[121.63371,24.10759],[121.64515,24.11375],[121.65087,24.11756],[121.65507,24.12151],[121.65816,24.1268],[121.66225,24.13171],[121.66376,24.13452],[121.66514,24.14052],[121.66474,24.14366],[121.66422,24.15543],[121.66042,24.1624],[121.65913,24.16643],[121.65848,24.17188],[121.65872,24.17908],[121.65976,24.18411],[121.66332,24.19414],[121.66605,24.19783],[121.66944,24.20056],[121.67217,24.20579],[121.67395,24.20756],[121.67784,24.20893],[121.68608,24.21298],[121.6899,24.21649],[121.69172,24.21697],[121.69628,24.22072],[121.70127,24.22268],[121.70613,24.22561],[121.70909,24.23205],[121.71322,24.23887],[121.71697,24.24278],[121.71939,24.24381],[121.72188,24.24363],[121.7283,24.2457],[121.73524,24.2524],[121.73818,24.25588],[121.74348,24.26011],[121.74411,24.26129],[121.74678,24.27522],[121.74816,24.27989],[121.75096,24.28501],[121.75357,24.28824],[121.76322,24.29744],[121.76954,24.3027],[121.77301,24.30876],[121.77407,24.31527]]]},"properties":{"COUNTYNAME":"花蓮縣","COUNTYENG":"Hualien County","COUNTYCODE":"10015"}},
{"type":"Feature","geometry":{"type":"MultiPolygon","coordinates":[[[[119.44026,23.22137],[119.43612,23.22058],[119.42963,23.21997],[119.42775,23.21909],[119.42375,23.21898],[119.41973,23.21742],[119.41661,23.21762],[119.41298,23.21423],[119.41156,23.21611],[119.40952,23.21613],[119.41001,23.21364],[119.41213,23.21098],[119.41558,23.20891],[119.41647,23.20607],[119.41863,23.20553],[119.42063,23.20332],[119.42079,23.19937],[119.41853,23.19571],[119.42175,23.19607],[119.42149,23.1913],[119.42372,23.19165],[119.42766,23.18958],[119.43069,23.187],[119.43177,23.18988],[119.42912,23.19351],[119.42977,23.19665],[119.43306,23.19793],[119.43571,23.20172],[119.43902,23.20157],[119.44291,23.20042],[119.44311,23.20431],[119.4422,23.20702],[119.44374,23.20854],[119.44385,23.21451],[119.44659,23.21709],[119.44797,23.21971],[119.44642,23.22066],[119.44026,23.22137]]],[[[119.61615,23.25372],[119.61353,23.25364],[119.6124,23.2524],[119.60868,23.25126],[119.60868,23.24891],[119.61181,23.24568],[119.61674,23.2437],[119.62161,23.24664],[119.61964,23.24871],[119.62082,23.24985],[119.62103,23.25318],[119.61615,23.25372]]],[[[119.67737,23.26407],[119.67502,23.26287],[119.67054,23.26273],[119.66671,23.26144],[119.66542,23.25861],[119.66786,23.25547],[119.66648,23.25022],[119.66935,23.24773],[119.66997,23.24577],[119.67212,23.24441],[119.67309,23.24792],[119.67246,23.25049],[119.6749,23.254],[119.67819,23.25648],[119.67802,23.25899],[119.67915,23.26355],[119.67737,23.26407]]],[[[119.66094,23.26437],[119.65825,23.26376],[119.6567,23.2611],[119.65988,23.26024],[119.66117,23.26191],[119.66094,23.26437]]],[[[119.51977,23.26463],[119.51868,23.26531],[119.51403,23.26216],[119.51351,23.25592],[119.51632,23.25654],[119.51957,23.26077],[119.52208,23.26208],[119.52187,23.26433],[119.51977,23.26463]]],[[[119.50675,23.27256],[119.50324,23.27252],[119.5034,23.27063],[119.50503,23.26821],[119.51094,23.26715],[119.51101,23.27074],[119.50953,23.27292],[119.50675,23.27256]]],[[[119.33667,23.32235],[119.33513,23.32186],[119.33526,23.31765],[119.33715,23.31713],[119.33667,23.32235]]],[[[119.53712,23.37527],[119.53601,23.37366],[119.53279,23.37234],[119.53106,23.37269],[119.52681,23.371],[119.52765,23.36871],[119.52528,23.36661],[119.52274,23.36595],[119.51948,23.36668],[119.5186,23.36402],[119.52634,23.3587],[119.52593,23.36281],[119.52803,23.36455],[119.53325,23.36697],[119.53734,23.36549],[119.54258,23.36726],[119.54033,23.3731],[119.53712,23.37527]]],[[[119.51447,23.38407],[119.51211,23.38215],[119.51464,23.38084],[119.51447,23.38407]]],[[[119.49373,23.39723],[119.49097,23.39699],[119.48963,23.39498],[119.49292,23.39207],[119.49369,23.38865],[119.49592,23.38723],[119.49504,23.38455],[119.49221,23.38208],[119.49176,23.37904],[119.49384,23.37799],[119.49234,23.37597],[119.49471,23.37317],[119.49331,23.3706],[119.49455,23.36531],[119.49007,23.36145],[119.4901,23.35959],[119.48663,23.35655],[119.48785,23.35468],[119.49062,23.35312],[119.49693,23.35465],[119.4994,23.35426],[119.50175,23.35547],[119.50489,23.35539],[119.50739,23.3539],[119.50993,23.35389],[119.51311,23.35248],[119.51375,23.35362],[119.50966,23.35629],[119.50833,23.35848],[119.50765,23.36466],[119.50974,23.36628],[119.51148,23.36551],[119.51631,23.36784],[119.51476,23.37039],[119.51662,23.3735],[119.5146,23.37495],[119.5127,23.37073],[119.50967,23.37042],[119.50826,23.372],[119.51029,23.37445],[119.5086,23.37642],[119.50861,23.38182],[119.50679,23.38339],[119.5075,23.38529],[119.50803,23.39035],[119.50625,23.39406],[119.50408,23.39445],[119.50423,23.39178],[119.50255,23.39181],[119.50168,23.38917],[119.49753,23.39058],[119.49728,23.39411],[119.49542,23.39449],[119.49373,23.39723]]],[[[119.31972,23.41168],[119.31857,23.4102],[119.31872,23.40773],[119.31749,23.40457],[119.31565,23.40414],[119.3143,23.40203],[119.31472,23.39972],[119.31967,23.39796],[119.32078,23.39901],[119.32427,23.39913],[119.3277,23.40079],[119.32757,23.40296],[119.33069,23.40486],[119.32898,23.40707],[119.32498,23.4069],[119.32406,23.4087],[119.32139,23.41114],[119.31972,23.41168]]],[[[119.54115,23.49603],[119.53759,23.49807],[119.53485,23.4959],[119.52931,23.49584],[119.5256,23.49274],[119.52142,23.49252],[119.52062,23.48999],[119.51743,23.4867],[119.51414,23.48701],[119.51229,23.49129],[119.50967,23.49102],[119.50979,23.48832],[119.50889,23.48561],[119.5112,23.48306],[119.5143,23.48356],[119.51726,23.48545],[119.51984,23.48537],[119.52322,23.48638],[119.52878,23.48667],[119.53687,23.49194],[119.53993,23.49309],[119.54336,23.49353],[119.5435,23.49496],[119.54115,23.49603]]],[[[119.52052,23.51505],[119.51969,23.51222],[119.5171,23.51473],[119.51436,23.50996],[119.5166,23.50889],[119.5196,23.50875],[119.52204,23.51028],[119.52162,23.51479],[119.52052,23.51505]]],[[[119.57083,23.61774],[119.5698,23.62147],[119.5678,23.62246],[119.56692,23.61783],[119.57083,23.61774]]],[[[119.68608,23.62776],[119.68335,23.62693],[119.68491,23.62474],[119.68689,23.62597],[119.68608,23.62776]]],[[[119.63445,23.65148],[119.63164,23.65019],[119.63162,23.64638],[119.63624,23.6479],[119.63685,23.6507],[119.63445,23.65148]]],[[[119.66432,23.66957],[119.66368,23.66693],[119.66191,23.6636],[119.65819,23.66279],[119.65569,23.66118],[119.65672,23.65972],[119.66174,23.6585],[119.66425,23.65889],[119.66644,23.66202],[119.6662,23.66924],[119.66432,23.66957]]],[[[119.55623,23.67661],[119.55407,23.67597],[119.55517,23.67367],[119.5568,23.67395],[119.55623,23.67661]]],[[[119.5843,23.67657],[119.58237,23.67751],[119.57953,23.67625],[119.57766,23.67437],[119.57377,23.67322],[119.57002,23.67107],[119.5686,23.67181],[119.56524,23.67088],[119.56081,23.67072],[119.55519,23.66855],[119.55283,23.66582],[119.55245,23.66368],[119.55096,23.66284],[119.55216,23.65948],[119.55401,23.65759],[119.54871,23.65139],[119.5403,23.64045],[119.53488,23.63862],[119.53111,23.63905],[119.52776,23.6405],[119.52415,23.64317],[119.52165,23.64267],[119.51934,23.64455],[119.5198,23.64788],[119.52111,23.64824],[119.52428,23.65125],[119.52399,23.65589],[119.52016,23.65557],[119.51796,23.65458],[119.51433,23.65561],[119.51422,23.65202],[119.51685,23.6526],[119.51958,23.64942],[119.51822,23.64768],[119.51664,23.64951],[119.51492,23.64835],[119.51159,23.64765],[119.50814,23.63892],[119.50751,23.63632],[119.50477,23.63614],[119.50344,23.6345],[119.50216,23.63093],[119.50252,23.62811],[119.50435,23.62552],[119.50403,23.62366],[119.5019,23.62283],[119.49929,23.6201],[119.50083,23.61766],[119.50382,23.6165],[119.50867,23.61328],[119.5082,23.61074],[119.50582,23.61055],[119.50465,23.607],[119.50315,23.60676],[119.50226,23.60196],[119.5045,23.59864],[119.50417,23.59703],[119.50002,23.59539],[119.49795,23.59601],[119.49831,23.60025],[119.49677,23.60108],[119.49275,23.60023],[119.49146,23.5986],[119.4941,23.59607],[119.48983,23.59521],[119.5002,23.59206],[119.50347,23.58898],[119.50459,23.58597],[119.50289,23.58042],[119.50294,23.57842],[119.50059,23.57499],[119.49882,23.57471],[119.4935,23.57048],[119.49184,23.56983],[119.4882,23.57032],[119.48713,23.5722],[119.48496,23.57334],[119.4834,23.57541],[119.48082,23.5736],[119.47795,23.56905],[119.47143,23.56575],[119.46954,23.56537],[119.46798,23.56346],[119.46799,23.56051],[119.4722,23.55926],[119.47652,23.55981],[119.47899,23.56176],[119.47957,23.56407],[119.48308,23.56434],[119.48973,23.56266],[119.49123,23.56329],[119.49208,23.56606],[119.49378,23.56739],[119.49786,23.56816],[119.50311,23.56639],[119.50546,23.56642],[119.51076,23.56445],[119.51511,23.56409],[119.518,23.56701],[119.5147,23.56844],[119.51314,23.57058],[119.5149,23.57459],[119.51251,23.57571],[119.51331,23.57726],[119.51204,23.57952],[119.51205,23.58189],[119.5152,23.58245],[119.51633,23.58529],[119.51435,23.58781],[119.51263,23.5924],[119.51483,23.59447],[119.51932,23.59433],[119.52313,23.60177],[119.52297,23.60484],[119.52034,23.60942],[119.52177,23.61455],[119.51993,23.61776],[119.51966,23.61987],[119.52114,23.62079],[119.51767,23.6268],[119.51874,23.62932],[119.52168,23.63126],[119.52461,23.63006],[119.52984,23.63015],[119.53191,23.63233],[119.53739,23.63401],[119.5402,23.63406],[119.54073,23.63693],[119.54303,23.6379],[119.54238,23.64308],[119.5481,23.65031],[119.55407,23.65706],[119.55864,23.65563],[119.56276,23.6521],[119.56434,23.65275],[119.56621,23.65585],[119.56749,23.66],[119.57139,23.6624],[119.57778,23.66253],[119.5816,23.66094],[119.58087,23.65907],[119.58328,23.65489],[119.58242,23.65264],[119.58623,23.64977],[119.58828,23.6474],[119.58908,23.64427],[119.59379,23.64155],[119.59587,23.63456],[119.59461,23.63212],[119.59068,23.6295],[119.59134,23.62818],[119.58915,23.62516],[119.59169,23.62416],[119.59555,23.62465],[119.60095,23.62269],[119.60456,23.62496],[119.60547,23.62008],[119.60184,23.61712],[119.59932,23.61688],[119.59753,23.61557],[119.60127,23.6126],[119.60334,23.61165],[119.6051,23.60926],[119.60964,23.61037],[119.61181,23.60738],[119.61237,23.60544],[119.6058,23.60556],[119.60571,23.60254],[119.60296,23.60062],[119.60335,23.59834],[119.60495,23.59589],[119.60771,23.59371],[119.60705,23.59238],[119.6072,23.58656],[119.6066,23.58523],[119.60067,23.58471],[119.59843,23.5828],[119.59964,23.58032],[119.59852,23.57867],[119.60015,23.57658],[119.59778,23.57476],[119.59728,23.56899],[119.59392,23.57066],[119.59445,23.57331],[119.593,23.57496],[119.59111,23.57451],[119.58992,23.57233],[119.58748,23.57194],[119.58553,23.57366],[119.58543,23.57835],[119.58331,23.57918],[119.58264,23.58326],[119.58614,23.58678],[119.58618,23.58775],[119.5832,23.59071],[119.58408,23.59428],[119.58231,23.59404],[119.5818,23.59009],[119.5768,23.58601],[119.57246,23.58497],[119.56691,23.58495],[119.56408,23.58584],[119.56196,23.58374],[119.56655,23.5779],[119.56742,23.57494],[119.56621,23.57336],[119.56072,23.57118],[119.55977,23.5699],[119.56047,23.56564],[119.55874,23.56367],[119.55972,23.56206],[119.56671,23.56261],[119.57027,23.56663],[119.57199,23.56565],[119.5743,23.56797],[119.57955,23.5634],[119.57683,23.56055],[119.57725,23.5584],[119.57568,23.55484],[119.57355,23.55451],[119.57068,23.5528],[119.56817,23.55295],[119.56753,23.55481],[119.56274,23.55671],[119.56191,23.55482],[119.56294,23.55143],[119.56238,23.55007],[119.56565,23.549],[119.56655,23.5504],[119.56963,23.55107],[119.56878,23.54837],[119.57233,23.54913],[119.57302,23.54623],[119.58071,23.54923],[119.58393,23.54841],[119.58879,23.55135],[119.59259,23.55158],[119.59595,23.54966],[119.59997,23.5499],[119.60236,23.54784],[119.60011,23.54535],[119.60045,23.54342],[119.6031,23.54027],[119.60037,23.54003],[119.5994,23.5384],[119.59618,23.5394],[119.59486,23.53704],[119.59724,23.53281],[119.59911,23.53161],[119.59589,23.52653],[119.5925,23.528],[119.5917,23.53008],[119.58995,23.5311],[119.58641,23.52915],[119.58496,23.53132],[119.58273,23.5327],[119.58057,23.53175],[119.58021,23.52895],[119.58133,23.52625],[119.57844,23.52191],[119.57413,23.51985],[119.57307,23.52337],[119.57173,23.52426],[119.57234,23.52723],[119.57121,23.529],[119.57188,23.53198],[119.56803,23.53113],[119.56604,23.53171],[119.56453,23.52976],[119.56086,23.53083],[119.55839,23.52644],[119.55475,23.5293],[119.55458,23.53142],[119.55726,23.53388],[119.55636,23.53523],[119.55679,23.53804],[119.55078,23.5407],[119.55088,23.54755],[119.54778,23.55163],[119.54446,23.54603],[119.54305,23.54675],[119.54141,23.54311],[119.54121,23.53887],[119.54383,23.53723],[119.54795,23.53949],[119.55021,23.5369],[119.54828,23.53539],[119.54878,23.53324],[119.55174,23.53322],[119.55437,23.53006],[119.55354,23.52828],[119.55699,23.52347],[119.56166,23.52442],[119.56284,23.5261],[119.56725,23.52582],[119.56994,23.52443],[119.57251,23.52209],[119.57402,23.51773],[119.57077,23.51307],[119.57184,23.50865],[119.57537,23.50734],[119.57802,23.50912],[119.58416,23.5092],[119.58953,23.51275],[119.59432,23.51271],[119.60062,23.511],[119.60166,23.50944],[119.60486,23.50916],[119.60626,23.50781],[119.60803,23.50915],[119.60782,23.51294],[119.6055,23.51624],[119.61006,23.51848],[119.61173,23.52149],[119.61018,23.52274],[119.60643,23.52214],[119.60446,23.52514],[119.60647,23.52944],[119.60917,23.53],[119.60961,23.53211],[119.61174,23.53408],[119.61301,23.53703],[119.61597,23.53887],[119.6182,23.53887],[119.62098,23.53771],[119.62087,23.54207],[119.62448,23.54489],[119.62756,23.54587],[119.62945,23.54774],[119.63212,23.54606],[119.63535,23.54729],[119.63439,23.54895],[119.63516,23.55128],[119.63862,23.5531],[119.63999,23.5565],[119.64158,23.5581],[119.64664,23.56054],[119.65534,23.56081],[119.66385,23.5603],[119.66754,23.56199],[119.67196,23.56142],[119.67292,23.56029],[119.67607,23.55973],[119.67699,23.5569],[119.67433,23.5548],[119.6754,23.55244],[119.67816,23.55137],[119.68055,23.55191],[119.68195,23.55336],[119.68511,23.55272],[119.68851,23.55471],[119.69162,23.55434],[119.69391,23.55567],[119.69273,23.55853],[119.69426,23.56039],[119.68675,23.5622],[119.68311,23.56564],[119.6828,23.56984],[119.68064,23.57295],[119.68063,23.57762],[119.68172,23.5782],[119.6812,23.5821],[119.68261,23.58397],[119.68055,23.58524],[119.67591,23.59378],[119.67371,23.59546],[119.67157,23.59905],[119.67216,23.60107],[119.66928,23.60172],[119.66839,23.60064],[119.66987,23.59657],[119.66939,23.59351],[119.66801,23.59123],[119.66248,23.59076],[119.66021,23.59161],[119.6596,23.5933],[119.66083,23.59606],[119.6574,23.59815],[119.65556,23.59845],[119.6544,23.60029],[119.65743,23.60386],[119.6573,23.60614],[119.65581,23.60798],[119.65128,23.60987],[119.65008,23.6038],[119.64681,23.60114],[119.64658,23.59688],[119.64455,23.59631],[119.64185,23.59035],[119.64458,23.58921],[119.64209,23.5875],[119.63789,23.59085],[119.64138,23.5964],[119.63946,23.59924],[119.63698,23.59735],[119.63294,23.59528],[119.63435,23.59089],[119.6316,23.58456],[119.62882,23.58026],[119.62457,23.5804],[119.62663,23.58397],[119.62404,23.58684],[119.62495,23.58905],[119.62466,23.59282],[119.62789,23.59569],[119.62514,23.60038],[119.62795,23.60396],[119.62998,23.60455],[119.63094,23.60741],[119.62697,23.60672],[119.62426,23.60776],[119.62034,23.60663],[119.62164,23.6032],[119.62088,23.60215],[119.61682,23.60103],[119.61564,23.60357],[119.61322,23.60199],[119.61251,23.6068],[119.60989,23.61052],[119.6127,23.61259],[119.61379,23.61435],[119.61314,23.62035],[119.60845,23.62136],[119.6059,23.62097],[119.60471,23.62512],[119.60234,23.62852],[119.60634,23.63243],[119.60954,23.63265],[119.6093,23.6352],[119.60727,23.63667],[119.60476,23.63418],[119.60206,23.63387],[119.59924,23.63631],[119.5974,23.63961],[119.59762,23.64122],[119.60175,23.64253],[119.60048,23.64515],[119.60087,23.64782],[119.60375,23.64949],[119.60853,23.64889],[119.61022,23.6481],[119.612,23.65013],[119.61236,23.65264],[119.60944,23.65465],[119.60646,23.65907],[119.60843,23.66282],[119.60291,23.66448],[119.60358,23.6689],[119.59965,23.67171],[119.59964,23.67388],[119.59788,23.67449],[119.59561,23.67371],[119.59364,23.67159],[119.58746,23.67292],[119.58681,23.67456],[119.5843,23.67657]]],[[[119.66684,23.68286],[119.66539,23.68107],[119.666,23.67853],[119.66928,23.67697],[119.66684,23.68286]]],[[[119.67074,23.69064],[119.67002,23.68721],[119.67256,23.6861],[119.67257,23.68857],[119.67074,23.69064]]],[[[119.60967,23.71066],[119.60885,23.71365],[119.60697,23.71142],[119.60967,23.71066]]],[[[119.55213,23.72083],[119.55604,23.71741],[119.55436,23.71583],[119.55545,23.71364],[119.55328,23.7112],[119.55532,23.70948],[119.55854,23.71088],[119.557,23.71359],[119.5578,23.71709],[119.55703,23.72066],[119.55213,23.72083]]],[[[119.61236,23.756],[119.60799,23.75533],[119.60858,23.7524],[119.60669,23.75226],[119.60521,23.74956],[119.60406,23.74561],[119.60143,23.74344],[119.59741,23.74188],[119.59608,23.73913],[119.59655,23.73656],[119.60023,23.73476],[119.60201,23.73017],[119.60476,23.73264],[119.60643,23.73679],[119.60992,23.73905],[119.6123,23.7417],[119.61384,23.74027],[119.61646,23.74193],[119.61799,23.74077],[119.62373,23.74358],[119.62288,23.7473],[119.62039,23.74977],[119.61655,23.75159],[119.61413,23.75186],[119.61162,23.75395],[119.61236,23.756]]],[[[119.60626,23.77567],[119.60453,23.77273],[119.60092,23.76951],[119.5994,23.76893],[119.59886,23.76567],[119.59676,23.76182],[119.59688,23.75864],[119.59927,23.75836],[119.6007,23.76134],[119.60261,23.76747],[119.6075,23.77102],[119.60778,23.77289],[119.60626,23.77567]]]]},"properties":{"COUNTYNAME":"澎湖縣","COUNTYENG":"Penghu County","COUNTYCODE":"10016"}},
{"type":"Feature","geometry":{"type":"Polygon","coordinates":[[[120.93543,24.71259],[120.93863,24.71661],[120.93816,24.71832],[120.93927,24.72542],[120.93814,24.72751],[120.93968,24.72949],[120.94233,24.73044],[120.9399,24.73248],[120.94169,24.73501],[120.94178,24.73728],[120.94321,24.73904],[120.94383,24.74374],[120.94615,24.74528],[120.95113,24.74451],[120.9539,24.74342],[120.9578,24.7461],[120.95718,24.74825],[120.96156,24.75138],[120.96357,24.75554],[120.96741,24.75646],[120.96755,24.76059],[120.96984,24.76516],[120.97713,24.76311],[120.97949,24.76331],[120.98217,24.76751],[120.98833,24.76845],[120.98703,24.77018],[120.98647,24.77335],[120.98488,24.77598],[120.98818,24.77742],[120.9906,24.77715],[120.99294,24.78055],[120.99598,24.77998],[120.9997,24.77826],[121.0046,24.77517],[121.00821,24.77444],[121.01356,24.77093],[121.01834,24.7638],[121.01933,24.75899],[121.02088,24.75656],[121.02827,24.75835],[121.0306,24.7612],[121.03241,24.76169],[121.03302,24.76492],[121.02989,24.76647],[121.02917,24.76894],[121.03032,24.77214],[121.02826,24.77369],[121.02967,24.77645],[121.0275,24.77721],[121.02495,24.77999],[121.02752,24.78271],[121.02477,24.78435],[121.02452,24.78926],[121.02214,24.79042],[121.02062,24.7941],[121.02305,24.79576],[121.02206,24.79851],[121.02571,24.799],[121.02132,24.80161],[121.01816,24.80735],[121.01514,24.80856],[121.00828,24.81621],[121.00039,24.82206],[120.99556,24.82336],[120.99275,24.82346],[120.98769,24.82556],[120.98543,24.82939],[120.98146,24.83123],[120.97923,24.82999],[120.97465,24.82996],[120.96737,24.83264],[120.96329,24.83249],[120.95529,24.83436],[120.9475,24.83988],[120.94482,24.84107],[120.94316,24.8465],[120.94045,24.84996],[120.93567,24.85223],[120.93127,24.85262],[120.92523,24.85481],[120.92125,24.85347],[120.91639,24.8528],[120.91419,24.85405],[120.91327,24.85195],[120.91676,24.84875],[120.91553,24.84581],[120.91576,24.84113],[120.91484,24.83898],[120.91223,24.83576],[120.90931,24.83423],[120.90833,24.83159],[120.90281,24.82407],[120.89961,24.81652],[120.89926,24.81401],[120.89695,24.80922],[120.89615,24.80082],[120.89265,24.79436],[120.89211,24.79193],[120.89282,24.78613],[120.8929,24.7789],[120.89143,24.7761],[120.89268,24.77318],[120.89275,24.76932],[120.89621,24.7678],[120.89778,24.76468],[120.89319,24.76136],[120.88841,24.75416],[120.88512,24.75059],[120.88263,24.74647],[120.88089,24.7457],[120.87777,24.74259],[120.87454,24.73832],[120.88104,24.73329],[120.88372,24.73448],[120.8848,24.73279],[120.88758,24.73383],[120.89096,24.73177],[120.89724,24.73336],[120.90175,24.73674],[120.90587,24.74068],[120.9087,24.7395],[120.90903,24.73575],[120.91207,24.73231],[120.91418,24.72706],[120.91376,24.72432],[120.91628,24.72153],[120.91446,24.7191],[120.9149,24.71681],[120.91784,24.71623],[120.92099,24.71654],[120.92262,24.71481],[120.92524,24.71544],[120.93069,24.71519],[120.93304,24.71329],[120.93543,24.71259]]]},"properties":{"COUNTYNAME":"新竹市","COUNTYENG":"Hsinchu City","COUNTYCODE":"10018"}},
{"type":"Feature","geometry":{"type":"Polygon","coordinates":[[[121.45201,24.36468],[121.44826,24.37257],[121.44798,24.37483],[121.44289,24.37315],[121.4408,24.37781],[121.43779,24.38288],[121.42937,24.38306],[121.42574,24.38148],[121.42335,24.3814],[121.41963,24.3792],[121.41277,24.37974],[121.40791,24.37755],[121.40413,24.37782],[121.4006,24.37958],[121.39812,24.37776],[121.39581,24.37801],[121.39325,24.37531],[121.39037,24.37534],[121.3892,24.37415],[121.38791,24.37001],[121.38113,24.36687],[121.37739,24.36837],[121.37358,24.36816],[121.36929,24.37246],[121.36931,24.37428],[121.36715,24.37921],[121.36973,24.38275],[121.36876,24.38491],[121.36489,24.38907],[121.35939,24.39045],[121.35532,24.39315],[121.35256,24.39229],[121.35023,24.39284],[121.34416,24.39302],[121.34242,24.39264],[121.33848,24.39005],[121.33698,24.3924],[121.3336,24.395],[121.33234,24.39794],[121.32801,24.39828],[121.32598,24.40104],[121.32598,24.40365],[121.325,24.40691],[121.32635,24.4092],[121.32744,24.41302],[121.32778,24.41848],[121.32741,24.42155],[121.32871,24.42728],[121.32767,24.43043],[121.32807,24.43391],[121.32561,24.43593],[121.32279,24.43941],[121.32059,24.44105],[121.31767,24.44149],[121.31385,24.43738],[121.31033,24.43637],[121.30571,24.43265],[121.29764,24.43309],[121.29468,24.43254],[121.29319,24.43107],[121.28463,24.43057],[121.27688,24.42925],[121.27134,24.42958],[121.2699,24.42738],[121.26451,24.42871],[121.26022,24.42901],[121.25761,24.42505],[121.25,24.42491],[121.24915,24.42379],[121.24565,24.42235],[121.2439,24.42008],[121.2436,24.41661],[121.24201,24.41399],[121.24338,24.41089],[121.2429,24.40908],[121.24357,24.40572],[121.24014,24.40354],[121.23802,24.40029],[121.23466,24.39734],[121.23463,24.39112],[121.2316,24.38752],[121.23136,24.38368],[121.22562,24.38303],[121.21817,24.38117],[121.21588,24.37945],[121.21343,24.38211],[121.21334,24.38436],[121.21125,24.38839],[121.21043,24.3919],[121.21063,24.39572],[121.2072,24.39791],[121.20071,24.39761],[121.19719,24.39659],[121.19691,24.39199],[121.193,24.38583],[121.19114,24.38394],[121.19024,24.38162],[121.1833,24.38101],[121.18168,24.37886],[121.17852,24.37792],[121.1747,24.37385],[121.17331,24.37309],[121.17305,24.37068],[121.17414,24.36903],[121.17245,24.36681],[121.16901,24.36431],[121.16798,24.36073],[121.15941,24.3608],[121.15554,24.35904],[121.15092,24.35871],[121.14926,24.35797],[121.14411,24.35828],[121.14096,24.35964],[121.13797,24.35627],[121.13644,24.35313],[121.13357,24.35167],[121.13118,24.34928],[121.1302,24.34471],[121.12812,24.34191],[121.1253,24.34199],[121.12206,24.33635],[121.12158,24.33068],[121.11855,24.33037],[121.11487,24.32864],[121.10864,24.331],[121.1037,24.32672],[121.10226,24.32458],[121.09825,24.32369],[121.09523,24.32198],[121.09435,24.31981],[121.09193,24.31863],[121.08661,24.3176],[121.08158,24.32405],[121.07889,24.32289],[121.07343,24.32231],[121.07391,24.31954],[121.07163,24.31696],[121.06933,24.31552],[121.06563,24.31568],[121.0615,24.31342],[121.0584,24.31273],[121.05528,24.31031],[121.05492,24.30766],[121.05256,24.30424],[121.0521,24.29901],[121.04944,24.29612],[121.04519,24.29533],[121.03813,24.29638],[121.03529,24.29718],[121.03311,24.29882],[121.03169,24.302],[121.02937,24.30471],[121.0262,24.30675],[121.02002,24.30924],[121.01802,24.3113],[121.0145,24.32011],[121.01157,24.32397],[121.00822,24.32686],[121.00472,24.33196],[121.00048,24.33266],[120.99726,24.33005],[120.99103,24.32976],[120.98541,24.33182],[120.98198,24.3359],[120.97994,24.33447],[120.97722,24.33473],[120.97236,24.33351],[120.96624,24.33352],[120.96016,24.33505],[120.95679,24.3393],[120.94246,24.33914],[120.93997,24.34],[120.93564,24.34292],[120.93285,24.34206],[120.92632,24.33865],[120.91965,24.33714],[120.91701,24.33572],[120.9167,24.33269],[120.91965,24.32422],[120.92066,24.31814],[120.92007,24.3152],[120.92058,24.30866],[120.92198,24.30628],[120.92245,24.30359],[120.91989,24.3007],[120.91677,24.29901],[120.91173,24.29398],[120.90887,24.29392],[120.90454,24.29223],[120.90199,24.29226],[120.89158,24.29408],[120.88163,24.29488],[120.8749,24.29489],[120.86573,24.29268],[120.85723,24.28911],[120.84947,24.28853],[120.83815,24.28928],[120.83357,24.29047],[120.83211,24.29207],[120.82531,24.29678],[120.81953,24.30383],[120.81757,24.30742],[120.8098,24.31274],[120.80745,24.31515],[120.80551,24.31596],[120.79616,24.31637],[120.78774,24.31837],[120.78383,24.31835],[120.77767,24.32062],[120.77462,24.32111],[120.77146,24.32258],[120.76746,24.32534],[120.76326,24.32593],[120.75851,24.32865],[120.75374,24.33241],[120.75224,24.33417],[120.74862,24.33615],[120.74328,24.34051],[120.74156,24.34253],[120.73446,24.34794],[120.73041,24.35181],[120.72315,24.35467],[120.7178,24.35596],[120.7073,24.35787],[120.70746,24.36165],[120.70341,24.3618],[120.7001,24.36317],[120.69828,24.36484],[120.69337,24.36676],[120.69197,24.36828],[120.68977,24.3745],[120.68854,24.37497],[120.68569,24.37892],[120.67728,24.38416],[120.67865,24.38707],[120.67688,24.38778],[120.67228,24.39134],[120.67011,24.39196],[120.66758,24.39601],[120.66741,24.39783],[120.66363,24.40231],[120.65689,24.40716],[120.64874,24.40954],[120.6483,24.41116],[120.64607,24.41219],[120.64529,24.41453],[120.64292,24.41687],[120.64318,24.42133],[120.64022,24.42436],[120.63966,24.42777],[120.63182,24.43275],[120.6286,24.43804],[120.62186,24.44029],[120.61929,24.43489],[120.61519,24.4321],[120.61466,24.42874],[120.61027,24.42586],[120.6102,24.4233],[120.60757,24.41953],[120.60262,24.41557],[120.59971,24.41041],[120.59885,24.40785],[120.59402,24.40394],[120.58988,24.3993],[120.58671,24.39232],[120.58363,24.38984],[120.57508,24.379],[120.57307,24.37724],[120.57115,24.37424],[120.57021,24.36917],[120.56759,24.36743],[120.5614,24.35954],[120.56168,24.35794],[120.55928,24.35412],[120.55921,24.3498],[120.55585,24.34774],[120.55041,24.34153],[120.54579,24.33487],[120.54077,24.33542],[120.5394,24.33448],[120.53854,24.33095],[120.53309,24.32315],[120.53232,24.32051],[120.52985,24.31893],[120.52602,24.31772],[120.52375,24.31578],[120.51895,24.30643],[120.51681,24.29846],[120.51405,24.29481],[120.51084,24.29222],[120.50813,24.28396],[120.4982,24.26393],[120.49311,24.26614],[120.48902,24.25646],[120.49049,24.25528],[120.48951,24.25331],[120.48097,24.23335],[120.47973,24.2322],[120.47633,24.22433],[120.47234,24.22233],[120.46882,24.21446],[120.4657,24.21501],[120.46121,24.21669],[120.46079,24.2156],[120.46491,24.21428],[120.46033,24.21164],[120.45656,24.20718],[120.50439,24.19114],[120.50811,24.18716],[120.51112,24.18064],[120.51753,24.16532],[120.519,24.16314],[120.5208,24.15851],[120.52452,24.1524],[120.52587,24.14854],[120.52567,24.14604],[120.52369,24.13946],[120.52761,24.13417],[120.53225,24.12692],[120.53411,24.12556],[120.54035,24.12397],[120.54523,24.11662],[120.54969,24.11388],[120.55369,24.11281],[120.55803,24.11254],[120.5656,24.10982],[120.57261,24.10832],[120.57663,24.10958],[120.58352,24.10955],[120.58554,24.10757],[120.58895,24.1061],[120.59486,24.1049],[120.59996,24.10518],[120.60309,24.10287],[120.61237,24.10258],[120.61249,24.09919],[120.6149,24.08999],[120.61517,24.08429],[120.61967,24.07304],[120.62399,24.07148],[120.62535,24.06895],[120.62569,24.05703],[120.62359,24.05326],[120.62449,24.04828],[120.6258,24.04681],[120.62602,24.04162],[120.62811,24.03835],[120.62448,24.03378],[120.62516,24.03019],[120.62866,24.02962],[120.63399,24.03108],[120.63615,24.03105],[120.63711,24.02886],[120.64027,24.02728],[120.64193,24.02737],[120.64486,24.02593],[120.64618,24.02834],[120.64444,24.03231],[120.64656,24.03394],[120.64922,24.03073],[120.65191,24.02858],[120.65566,24.03067],[120.66123,24.0257],[120.66349,24.02497],[120.66478,24.02329],[120.67865,24.01403],[120.68885,24.00927],[120.69488,24.00712],[120.70638,24.00519],[120.71924,24.00966],[120.73173,24.009],[120.74365,24.00217],[120.74604,23.99856],[120.7511,24.00285],[120.75314,24.00234],[120.75779,24.00587],[120.76267,24.00626],[120.7675,24.00905],[120.77056,24.00907],[120.77111,24.01347],[120.77613,24.0192],[120.77976,24.02111],[120.78502,24.02558],[120.78478,24.02761],[120.78755,24.03034],[120.78947,24.03123],[120.79154,24.03067],[120.79169,24.03526],[120.79578,24.03999],[120.79725,24.04094],[120.79703,24.04368],[120.79888,24.04588],[120.8014,24.05045],[120.80346,24.05248],[120.80327,24.05617],[120.80628,24.06043],[120.80698,24.06422],[120.80922,24.06626],[120.81178,24.06601],[120.81498,24.06983],[120.81635,24.06846],[120.81925,24.06846],[120.82048,24.06967],[120.82372,24.0707],[120.8293,24.07151],[120.82837,24.07688],[120.82891,24.08355],[120.82809,24.0869],[120.82853,24.09449],[120.8299,24.09496],[120.83244,24.09826],[120.83032,24.10213],[120.83451,24.10761],[120.83447,24.11294],[120.83628,24.11695],[120.83861,24.11903],[120.84212,24.12068],[120.84299,24.12305],[120.84485,24.12453],[120.8489,24.12386],[120.85387,24.12451],[120.85616,24.12155],[120.85721,24.1173],[120.86017,24.11589],[120.86552,24.11548],[120.86959,24.1171],[120.87257,24.1167],[120.87887,24.10772],[120.88149,24.10051],[120.87976,24.09931],[120.87686,24.09119],[120.87818,24.0858],[120.88032,24.08858],[120.88201,24.08832],[120.88679,24.09584],[120.89005,24.09665],[120.89154,24.0987],[120.89127,24.10241],[120.8942,24.10655],[120.89376,24.11111],[120.89108,24.11223],[120.89017,24.11421],[120.89105,24.11564],[120.89491,24.11652],[120.90489,24.11449],[120.90686,24.11234],[120.9071,24.11072],[120.90956,24.10923],[120.91324,24.10898],[120.91455,24.10757],[120.91988,24.10744],[120.92308,24.10991],[120.92715,24.11172],[120.93186,24.11221],[120.93496,24.11526],[120.93893,24.11784],[120.94451,24.12285],[120.94838,24.12494],[120.95011,24.12786],[120.95265,24.12685],[120.958,24.12333],[120.96121,24.12015],[120.96399,24.11988],[120.97096,24.12028],[120.97445,24.11892],[120.97522,24.11695],[120.97909,24.11826],[120.98371,24.11916],[120.98522,24.12019],[120.98944,24.11896],[120.99189,24.12086],[120.9922,24.12534],[120.99862,24.12691],[120.99976,24.12815],[121.00051,24.13241],[121.00349,24.13388],[121.00458,24.1376],[121.00689,24.14114],[121.00711,24.1449],[121.00972,24.1483],[121.0106,24.15047],[121.01551,24.15601],[121.01989,24.15887],[121.02334,24.15796],[121.02822,24.15922],[121.02984,24.1571],[121.03136,24.15257],[121.03089,24.14963],[121.03342,24.14858],[121.0356,24.15076],[121.03577,24.15307],[121.03778,24.15789],[121.04291,24.15861],[121.04414,24.15966],[121.04759,24.16002],[121.0507,24.1581],[121.05259,24.15477],[121.05795,24.15923],[121.05929,24.16268],[121.0643,24.1629],[121.07242,24.16987],[121.07466,24.16997],[121.0791,24.17305],[121.08123,24.17555],[121.08488,24.17592],[121.08888,24.18058],[121.09135,24.18273],[121.09107,24.18482],[121.09399,24.18789],[121.09441,24.19015],[121.09633,24.19207],[121.10569,24.19721],[121.10932,24.19802],[121.11341,24.19685],[121.11875,24.19721],[121.12255,24.19609],[121.12721,24.19677],[121.12875,24.1961],[121.13228,24.1969],[121.13529,24.19621],[121.14137,24.19965],[121.14254,24.2016],[121.143,24.20528],[121.14615,24.20892],[121.14782,24.21285],[121.15185,24.21318],[121.15652,24.21474],[121.16114,24.21535],[121.16395,24.21963],[121.16437,24.22179],[121.1677,24.22539],[121.17349,24.22033],[121.18074,24.21228],[121.1824,24.21231],[121.18519,24.21445],[121.18851,24.21492],[121.19184,24.21691],[121.19178,24.21807],[121.1967,24.22314],[121.20157,24.22164],[121.20506,24.22209],[121.20809,24.22167],[121.21267,24.22422],[121.21581,24.22535],[121.21971,24.22924],[121.22164,24.22783],[121.22712,24.22563],[121.23063,24.22611],[121.23041,24.22353],[121.2359,24.22125],[121.23796,24.21971],[121.24074,24.22171],[121.24416,24.2225],[121.24487,24.22497],[121.24713,24.22822],[121.25123,24.23799],[121.25507,24.24322],[121.25681,24.2444],[121.2615,24.24571],[121.26542,24.24567],[121.26639,24.24242],[121.2685,24.23995],[121.26892,24.23792],[121.27394,24.23568],[121.27662,24.23558],[121.27774,24.23188],[121.27922,24.23091],[121.28276,24.23104],[121.28578,24.22914],[121.28936,24.23014],[121.29314,24.22916],[121.29569,24.23263],[121.29834,24.23301],[121.2989,24.23577],[121.30236,24.23645],[121.30367,24.23376],[121.3059,24.2337],[121.30882,24.23494],[121.3141,24.235],[121.31645,24.23439],[121.3194,24.23195],[121.32444,24.23301],[121.33023,24.23115],[121.33912,24.2267],[121.34302,24.22355],[121.3484,24.22999],[121.34905,24.23164],[121.35203,24.23407],[121.35296,24.23638],[121.35317,24.24012],[121.35261,24.24385],[121.35623,24.24457],[121.35854,24.2436],[121.36067,24.24394],[121.36426,24.24707],[121.36702,24.25217],[121.3699,24.25254],[121.3731,24.2541],[121.37842,24.25282],[121.38513,24.25512],[121.38578,24.25862],[121.38525,24.26047],[121.38568,24.26402],[121.38327,24.26798],[121.38216,24.27618],[121.38047,24.27948],[121.3823,24.28162],[121.38558,24.28336],[121.38963,24.28726],[121.39094,24.28974],[121.39352,24.28823],[121.39658,24.28874],[121.39723,24.29053],[121.39998,24.29369],[121.40277,24.29595],[121.40457,24.30233],[121.40539,24.3083],[121.41144,24.30726],[121.41668,24.30915],[121.42024,24.30762],[121.42323,24.30822],[121.4261,24.31397],[121.42849,24.31736],[121.43135,24.32025],[121.43398,24.32113],[121.43495,24.32256],[121.43444,24.32571],[121.43249,24.32959],[121.43431,24.33827],[121.43774,24.34245],[121.43562,24.34725],[121.43779,24.35205],[121.43954,24.35401],[121.44157,24.35859],[121.44747,24.35984],[121.44866,24.36278],[121.45201,24.36468]]]},"properties":{"COUNTYNAME":"臺中市","COUNTYENG":"Taichung City","COUNTYCODE":"66000"}},
{"type":"Feature","geometry":{"type":"Polygon","coordinates":[[[120.93543,24.71259],[120.93304,24.71329],[120.93069,24.71519],[120.92524,24.71544],[120.92262,24.71481],[120.92099,24.71654],[120.91784,24.71623],[120.9149,24.71681],[120.91446,24.7191],[120.91628,24.72153],[120.91376,24.72432],[120.91418,24.72706],[120.91207,24.73231],[120.90903,24.73575],[120.9087,24.7395],[120.90587,24.74068],[120.90175,24.73674],[120.89724,24.73336],[120.89096,24.73177],[120.88758,24.73383],[120.8848,24.73279],[120.88372,24.73448],[120.88104,24.73329],[120.87454,24.73832],[120.8704,24.73332],[120.8648,24.72722],[120.86133,24.72165],[120.85828,24.71256],[120.85773,24.70667],[120.85617,24.7025],[120.85157,24.69944],[120.84614,24.69451],[120.8404,24.68786],[120.83259,24.68241],[120.82757,24.67685],[120.82306,24.67268],[120.82084,24.67285],[120.80938,24.67123],[120.80281,24.66909],[120.7886,24.667],[120.78224,24.66449],[120.77644,24.66089],[120.76923,24.65377],[120.76893,24.65198],[120.76648,24.64974],[120.76359,24.64907],[120.76085,24.64312],[120.75769,24.64152],[120.75595,24.63147],[120.75402,24.6312],[120.75237,24.6274],[120.74893,24.62595],[120.74584,24.62173],[120.7382,24.62086],[120.73497,24.61739],[120.73268,24.61329],[120.72996,24.61084],[120.72378,24.60822],[120.72026,24.60415],[120.71581,24.60097],[120.71347,24.59488],[120.70976,24.59102],[120.70808,24.58245],[120.70392,24.57516],[120.70455,24.57284],[120.70203,24.569],[120.70119,24.56153],[120.69824,24.55848],[120.69688,24.55576],[120.69585,24.55117],[120.69337,24.54887],[120.69105,24.53904],[120.68869,24.53667],[120.68809,24.53047],[120.68468,24.52139],[120.67939,24.51577],[120.67763,24.51452],[120.67427,24.50955],[120.67128,24.50211],[120.66844,24.49981],[120.66764,24.49652],[120.66776,24.4934],[120.6653,24.48977],[120.6654,24.48361],[120.66183,24.48378],[120.65849,24.4773],[120.65266,24.47074],[120.6485,24.46749],[120.64377,24.4626],[120.64032,24.46071],[120.63962,24.45667],[120.63777,24.45418],[120.63524,24.45251],[120.63136,24.44763],[120.6279,24.4457],[120.62544,24.44303],[120.62186,24.44029],[120.6286,24.43804],[120.63182,24.43275],[120.63966,24.42777],[120.64022,24.42436],[120.64318,24.42133],[120.64292,24.41687],[120.64529,24.41453],[120.64607,24.41219],[120.6483,24.41116],[120.64874,24.40954],[120.65689,24.40716],[120.66363,24.40231],[120.66741,24.39783],[120.66758,24.39601],[120.67011,24.39196],[120.67228,24.39134],[120.67688,24.38778],[120.67865,24.38707],[120.67728,24.38416],[120.68569,24.37892],[120.68854,24.37497],[120.68977,24.3745],[120.69197,24.36828],[120.69337,24.36676],[120.69828,24.36484],[120.7001,24.36317],[120.70341,24.3618],[120.70746,24.36165],[120.7073,24.35787],[120.7178,24.35596],[120.72315,24.35467],[120.73041,24.35181],[120.73446,24.34794],[120.74156,24.34253],[120.74328,24.34051],[120.74862,24.33615],[120.75224,24.33417],[120.75374,24.33241],[120.75851,24.32865],[120.76326,24.32593],[120.76746,24.32534],[120.77146,24.32258],[120.77462,24.32111],[120.77767,24.32062],[120.78383,24.31835],[120.78774,24.31837],[120.79616,24.31637],[120.80551,24.31596],[120.80745,24.31515],[120.8098,24.31274],[120.81757,24.30742],[120.81953,24.30383],[120.82531,24.29678],[120.83211,24.29207],[120.83357,24.29047],[120.83815,24.28928],[120.84947,24.28853],[120.85723,24.28911],[120.86573,24.29268],[120.8749,24.29489],[120.88163,24.29488],[120.89158,24.29408],[120.90199,24.29226],[120.90454,24.29223],[120.90887,24.29392],[120.91173,24.29398],[120.91677,24.29901],[120.91989,24.3007],[120.92245,24.30359],[120.92198,24.30628],[120.92058,24.30866],[120.92007,24.3152],[120.92066,24.31814],[120.91965,24.32422],[120.9167,24.33269],[120.91701,24.33572],[120.91965,24.33714],[120.92632,24.33865],[120.93285,24.34206],[120.93564,24.34292],[120.93997,24.34],[120.94246,24.33914],[120.95679,24.3393],[120.96016,24.33505],[120.96624,24.33352],[120.97236,24.33351],[120.97722,24.33473],[120.97994,24.33447],[120.98198,24.3359],[120.98541,24.33182],[120.99103,24.32976],[120.99726,24.33005],[121.00048,24.33266],[121.00472,24.33196],[121.00822,24.32686],[121.01157,24.32397],[121.0145,24.32011],[121.01802,24.3113],[121.02002,24.30924],[121.0262,24.30675],[121.02937,24.30471],[121.03169,24.302],[121.03311,24.29882],[121.03529,24.29718],[121.03813,24.29638],[121.04519,24.29533],[121.04944,24.29612],[121.0521,24.29901],[121.05256,24.30424],[121.05492,24.30766],[121.05528,24.31031],[121.0584,24.31273],[121.0615,24.31342],[121.06563,24.31568],[121.06933,24.31552],[121.07163,24.31696],[121.07391,24.31954],[121.07343,24.32231],[121.07889,24.32289],[121.08158,24.32405],[121.08661,24.3176],[121.09193,24.31863],[121.09435,24.31981],[121.09523,24.32198],[121.09825,24.32369],[121.10226,24.32458],[121.1037,24.32672],[121.10864,24.331],[121.11487,24.32864],[121.11855,24.33037],[121.12158,24.33068],[121.12206,24.33635],[121.1253,24.34199],[121.12812,24.34191],[121.1302,24.34471],[121.13118,24.34928],[121.13357,24.35167],[121.13644,24.35313],[121.13797,24.35627],[121.14096,24.35964],[121.14411,24.35828],[121.14926,24.35797],[121.15092,24.35871],[121.15554,24.35904],[121.15941,24.3608],[121.16798,24.36073],[121.16901,24.36431],[121.17245,24.36681],[121.17414,24.36903],[121.17305,24.37068],[121.17331,24.37309],[121.1747,24.37385],[121.17852,24.37792],[121.18168,24.37886],[121.1833,24.38101],[121.19024,24.38162],[121.19114,24.38394],[121.193,24.38583],[121.19691,24.39199],[121.19719,24.39659],[121.20071,24.39761],[121.2072,24.39791],[121.21063,24.39572],[121.21043,24.3919],[121.21125,24.38839],[121.21334,24.38436],[121.21343,24.38211],[121.21588,24.37945],[121.21817,24.38117],[121.22562,24.38303],[121.23136,24.38368],[121.2316,24.38752],[121.23463,24.39112],[121.23466,24.39734],[121.23802,24.40029],[121.24014,24.40354],[121.24357,24.40572],[121.2429,24.40908],[121.24338,24.41089],[121.24201,24.41399],[121.2436,24.41661],[121.2439,24.42008],[121.24565,24.42235],[121.24915,24.42379],[121.25,24.42491],[121.25761,24.42505],[121.26022,24.42901],[121.25963,24.43155],[121.25998,24.43619],[121.25874,24.44033],[121.2616,24.44403],[121.26088,24.44565],[121.26139,24.44821],[121.26093,24.4525],[121.26263,24.45513],[121.25814,24.45731],[121.25809,24.46324],[121.25285,24.46455],[121.24906,24.46601],[121.2444,24.47006],[121.24398,24.47556],[121.24229,24.47848],[121.23464,24.48384],[121.23465,24.48774],[121.23055,24.48855],[121.22862,24.49249],[121.22351,24.49439],[121.21867,24.49826],[121.22209,24.50504],[121.22214,24.50751],[121.21737,24.50988],[121.21758,24.51404],[121.21654,24.51521],[121.21398,24.51478],[121.20994,24.51163],[121.20697,24.51286],[121.20319,24.51251],[121.20052,24.51146],[121.19807,24.50884],[121.19529,24.50704],[121.19176,24.50748],[121.18678,24.50538],[121.18287,24.50799],[121.17792,24.50765],[121.17435,24.50476],[121.17058,24.50412],[121.16914,24.50259],[121.16434,24.50356],[121.16192,24.50349],[121.15449,24.50682],[121.15059,24.50609],[121.1457,24.51017],[121.14503,24.51192],[121.137,24.50665],[121.13,24.50665],[121.12745,24.50826],[121.12562,24.50838],[121.1237,24.51008],[121.12073,24.50836],[121.11732,24.50846],[121.11334,24.50647],[121.10918,24.50119],[121.10533,24.50061],[121.10246,24.49825],[121.09979,24.49796],[121.09775,24.49638],[121.09454,24.49658],[121.09042,24.49786],[121.08556,24.50131],[121.08396,24.5012],[121.07892,24.49907],[121.07522,24.49943],[121.07206,24.49841],[121.07207,24.50344],[121.07032,24.50608],[121.06821,24.50684],[121.06932,24.50933],[121.06855,24.51245],[121.06852,24.51646],[121.06669,24.52078],[121.06703,24.52298],[121.07218,24.52635],[121.07744,24.52821],[121.0784,24.52921],[121.07867,24.5325],[121.0778,24.53424],[121.08012,24.53793],[121.08024,24.54144],[121.07605,24.54404],[121.07347,24.54942],[121.06999,24.55058],[121.06658,24.55315],[121.06282,24.55506],[121.06219,24.55615],[121.0582,24.55791],[121.05843,24.56063],[121.0614,24.56],[121.06254,24.55742],[121.06837,24.5624],[121.07059,24.56336],[121.07201,24.56789],[121.07274,24.57278],[121.07435,24.57546],[121.07546,24.58103],[121.07896,24.58424],[121.07937,24.58778],[121.08303,24.58976],[121.08238,24.59554],[121.08128,24.60057],[121.07636,24.60306],[121.07525,24.60553],[121.0761,24.60864],[121.07546,24.61128],[121.0738,24.6132],[121.06809,24.61486],[121.0659,24.61825],[121.06152,24.62177],[121.05549,24.61796],[121.0532,24.6154],[121.04937,24.61862],[121.04324,24.62723],[121.04054,24.62697],[121.03928,24.62935],[121.03698,24.62979],[121.03357,24.63201],[121.02938,24.63287],[121.02574,24.63618],[121.02534,24.64125],[121.02278,24.64179],[121.01848,24.64076],[121.01439,24.64085],[121.01015,24.64395],[121.00821,24.64432],[121.00896,24.64757],[121.00809,24.65038],[121.01077,24.6526],[121.01031,24.65616],[121.00606,24.65527],[121.00434,24.65641],[121.00029,24.65477],[120.99712,24.65466],[120.99468,24.65954],[120.99156,24.65959],[120.98938,24.66322],[120.98677,24.66377],[120.98543,24.6666],[120.98319,24.66719],[120.9832,24.66981],[120.97991,24.67342],[120.97757,24.67397],[120.97652,24.67542],[120.97752,24.67819],[120.97673,24.67928],[120.97643,24.68314],[120.9736,24.68581],[120.96996,24.68446],[120.96706,24.68436],[120.96517,24.68811],[120.96648,24.69126],[120.9698,24.69376],[120.97406,24.69939],[120.97315,24.70233],[120.97338,24.70454],[120.97583,24.70494],[120.97667,24.70651],[120.97577,24.70932],[120.97388,24.71182],[120.97177,24.71243],[120.97031,24.71086],[120.96859,24.71121],[120.96638,24.70969],[120.96391,24.71155],[120.96247,24.71103],[120.95935,24.70666],[120.95679,24.70657],[120.95479,24.70435],[120.95095,24.7077],[120.9498,24.7112],[120.94816,24.71121],[120.94519,24.70796],[120.94193,24.70735],[120.93649,24.71083],[120.93543,24.71259]]]},"properties":{"COUNTYNAME":"苗栗縣","COUNTYENG":"Miaoli County","COUNTYCODE":"10005"}},
{"type":"Feature","geometry":{"type":"Polygon","coordinates":[[[121.40305,24.59171],[121.39574,24.58893],[121.39461,24.58744],[121.39133,24.58646],[121.38757,24.5865],[121.38304,24.58944],[121.37278,24.59375],[121.37197,24.59685],[121.36734,24.59877],[121.36333,24.60313],[121.36432,24.60586],[121.36369,24.60788],[121.36123,24.61008],[121.36114,24.61245],[121.35949,24.61384],[121.35886,24.61737],[121.36328,24.623],[121.36538,24.62831],[121.36563,24.63175],[121.36099,24.63379],[121.35782,24.63371],[121.35739,24.6376],[121.35593,24.64105],[121.3524,24.64354],[121.35301,24.64878],[121.35222,24.65275],[121.35382,24.65905],[121.3531,24.66021],[121.35371,24.66474],[121.35323,24.66632],[121.35046,24.66652],[121.34829,24.66782],[121.34576,24.66649],[121.34434,24.66894],[121.34245,24.66885],[121.34041,24.66644],[121.3391,24.66674],[121.33985,24.67039],[121.33899,24.67907],[121.33575,24.68378],[121.3294,24.69133],[121.32637,24.69367],[121.32306,24.69537],[121.31941,24.69636],[121.31818,24.69799],[121.31321,24.69766],[121.30682,24.69408],[121.3039,24.69292],[121.30082,24.69396],[121.29949,24.69557],[121.30226,24.70191],[121.30328,24.70839],[121.30641,24.71308],[121.30762,24.7199],[121.30566,24.72406],[121.30067,24.72967],[121.29867,24.73071],[121.29812,24.73323],[121.3002,24.73772],[121.30154,24.74264],[121.30529,24.74628],[121.30511,24.7502],[121.30772,24.75498],[121.30381,24.75791],[121.3003,24.76355],[121.2986,24.76292],[121.29387,24.76404],[121.29264,24.76751],[121.2882,24.76853],[121.2843,24.77037],[121.27742,24.77092],[121.27355,24.77459],[121.2713,24.77482],[121.27117,24.77787],[121.26463,24.78138],[121.26008,24.78191],[121.25849,24.78508],[121.26121,24.79032],[121.25975,24.79368],[121.25779,24.79283],[121.25214,24.79395],[121.25037,24.79567],[121.24784,24.79662],[121.24664,24.80019],[121.24744,24.80349],[121.24542,24.80696],[121.24344,24.80869],[121.2409,24.80587],[121.23824,24.80465],[121.2344,24.80426],[121.22805,24.80275],[121.22157,24.79941],[121.22086,24.80299],[121.21963,24.80408],[121.21994,24.80744],[121.21876,24.80852],[121.21968,24.81169],[121.21704,24.81242],[121.20959,24.80951],[121.20765,24.80699],[121.20449,24.80835],[121.20304,24.81078],[121.20566,24.81305],[121.20345,24.81413],[121.20176,24.81791],[121.19892,24.81492],[121.19652,24.81781],[121.19205,24.81996],[121.18909,24.82208],[121.18313,24.82505],[121.17684,24.82729],[121.17375,24.82765],[121.1763,24.83199],[121.16992,24.83481],[121.16886,24.83397],[121.16581,24.83589],[121.15952,24.83858],[121.15492,24.84219],[121.15284,24.84616],[121.15382,24.849],[121.15548,24.84986],[121.15677,24.85614],[121.16138,24.85947],[121.16039,24.86075],[121.16079,24.86314],[121.15792,24.87445],[121.15788,24.87727],[121.15567,24.88071],[121.15236,24.88021],[121.14928,24.88122],[121.14557,24.88082],[121.13885,24.88236],[121.13441,24.87832],[121.13355,24.8795],[121.12941,24.87981],[121.12815,24.88095],[121.12398,24.87993],[121.12033,24.88071],[121.11501,24.88255],[121.1135,24.88256],[121.10873,24.88595],[121.11098,24.89099],[121.11011,24.89607],[121.10908,24.89774],[121.10131,24.89515],[121.09128,24.89336],[121.08943,24.89538],[121.08655,24.89652],[121.08345,24.89885],[121.07712,24.89869],[121.07362,24.89991],[121.07106,24.89951],[121.07033,24.90205],[121.06804,24.90319],[121.06142,24.90381],[121.05759,24.90583],[121.05912,24.90718],[121.05814,24.91035],[121.05824,24.9139],[121.06086,24.92033],[121.06075,24.92452],[121.05966,24.92576],[121.05766,24.93303],[121.0582,24.93674],[121.05545,24.93624],[121.05177,24.93862],[121.04809,24.93993],[121.04795,24.94126],[121.04452,24.94352],[121.04082,24.9433],[121.03866,24.946],[121.03021,24.94424],[121.02879,24.9451],[121.02594,24.94057],[121.0212,24.94138],[121.01937,24.94042],[121.01268,24.94314],[121.01194,24.9448],[121.00956,24.94425],[121.00661,24.94594],[121.00426,24.94312],[121.00314,24.94026],[120.99907,24.94092],[120.9942,24.93914],[120.99266,24.93689],[120.98991,24.93603],[120.98738,24.93905],[120.98203,24.93997],[120.96967,24.92847],[120.96627,24.92184],[120.9645,24.91578],[120.95889,24.90286],[120.95793,24.90129],[120.95261,24.89538],[120.95174,24.89066],[120.94736,24.88383],[120.94655,24.87865],[120.94382,24.87474],[120.94296,24.8722],[120.93926,24.86718],[120.93352,24.86166],[120.93091,24.86024],[120.92782,24.85954],[120.92695,24.8554],[120.92523,24.85481],[120.93127,24.85262],[120.93567,24.85223],[120.94045,24.84996],[120.94316,24.8465],[120.94482,24.84107],[120.9475,24.83988],[120.95529,24.83436],[120.96329,24.83249],[120.96737,24.83264],[120.97465,24.82996],[120.97923,24.82999],[120.98146,24.83123],[120.98543,24.82939],[120.98769,24.82556],[120.99275,24.82346],[120.99556,24.82336],[121.00039,24.82206],[121.00828,24.81621],[121.01514,24.80856],[121.01816,24.80735],[121.02132,24.80161],[121.02571,24.799],[121.02206,24.79851],[121.02305,24.79576],[121.02062,24.7941],[121.02214,24.79042],[121.02452,24.78926],[121.02477,24.78435],[121.02752,24.78271],[121.02495,24.77999],[121.0275,24.77721],[121.02967,24.77645],[121.02826,24.77369],[121.03032,24.77214],[121.02917,24.76894],[121.02989,24.76647],[121.03302,24.76492],[121.03241,24.76169],[121.0306,24.7612],[121.02827,24.75835],[121.02088,24.75656],[121.01933,24.75899],[121.01834,24.7638],[121.01356,24.77093],[121.00821,24.77444],[121.0046,24.77517],[120.9997,24.77826],[120.99598,24.77998],[120.99294,24.78055],[120.9906,24.77715],[120.98818,24.77742],[120.98488,24.77598],[120.98647,24.77335],[120.98703,24.77018],[120.98833,24.76845],[120.98217,24.76751],[120.97949,24.76331],[120.97713,24.76311],[120.96984,24.76516],[120.96755,24.76059],[120.96741,24.75646],[120.96357,24.75554],[120.96156,24.75138],[120.95718,24.74825],[120.9578,24.7461],[120.9539,24.74342],[120.95113,24.74451],[120.94615,24.74528],[120.94383,24.74374],[120.94321,24.73904],[120.94178,24.73728],[120.94169,24.73501],[120.9399,24.73248],[120.94233,24.73044],[120.93968,24.72949],[120.93814,24.72751],[120.93927,24.72542],[120.93816,24.71832],[120.93863,24.71661],[120.93543,24.71259],[120.93649,24.71083],[120.94193,24.70735],[120.94519,24.70796],[120.94816,24.71121],[120.9498,24.7112],[120.95095,24.7077],[120.95479,24.70435],[120.95679,24.70657],[120.95935,24.70666],[120.96247,24.71103],[120.96391,24.71155],[120.96638,24.70969],[120.96859,24.71121],[120.97031,24.71086],[120.97177,24.71243],[120.97388,24.71182],[120.97577,24.70932],[120.97667,24.70651],[120.97583,24.70494],[120.97338,24.70454],[120.97315,24.70233],[120.97406,24.69939],[120.9698,24.69376],[120.96648,24.69126],[120.96517,24.68811],[120.96706,24.68436],[120.96996,24.68446],[120.9736,24.68581],[120.97643,24.68314],[120.97673,24.67928],[120.97752,24.67819],[120.97652,24.67542],[120.97757,24.67397],[120.97991,24.67342],[120.9832,24.66981],[120.98319,24.66719],[120.98543,24.6666],[120.98677,24.66377],[120.98938,24.66322],[120.99156,24.65959],[120.99468,24.65954],[120.99712,24.65466],[121.00029,24.65477],[121.00434,24.65641],[121.00606,24.65527],[121.01031,24.65616],[121.01077,24.6526],[121.00809,24.65038],[121.00896,24.64757],[121.00821,24.64432],[121.01015,24.64395],[121.01439,24.64085],[121.01848,24.64076],[121.02278,24.64179],[121.02534,24.64125],[121.02574,24.63618],[121.02938,24.63287],[121.03357,24.63201],[121.03698,24.62979],[121.03928,24.62935],[121.04054,24.62697],[121.04324,24.62723],[121.04937,24.61862],[121.0532,24.6154],[121.05549,24.61796],[121.06152,24.62177],[121.0659,24.61825],[121.06809,24.61486],[121.0738,24.6132],[121.07546,24.61128],[121.0761,24.60864],[121.07525,24.60553],[121.07636,24.60306],[121.08128,24.60057],[121.08238,24.59554],[121.08303,24.58976],[121.07937,24.58778],[121.07896,24.58424],[121.07546,24.58103],[121.07435,24.57546],[121.07274,24.57278],[121.07201,24.56789],[121.07059,24.56336],[121.06837,24.5624],[121.06254,24.55742],[121.0614,24.56],[121.05843,24.56063],[121.0582,24.55791],[121.06219,24.55615],[121.06282,24.55506],[121.06658,24.55315],[121.06999,24.55058],[121.07347,24.54942],[121.07605,24.54404],[121.08024,24.54144],[121.08012,24.53793],[121.0778,24.53424],[121.07867,24.5325],[121.0784,24.52921],[121.07744,24.52821],[121.07218,24.52635],[121.06703,24.52298],[121.06669,24.52078],[121.06852,24.51646],[121.06855,24.51245],[121.06932,24.50933],[121.06821,24.50684],[121.07032,24.50608],[121.07207,24.50344],[121.07206,24.49841],[121.07522,24.49943],[121.07892,24.49907],[121.08396,24.5012],[121.08556,24.50131],[121.09042,24.49786],[121.09454,24.49658],[121.09775,24.49638],[121.09979,24.49796],[121.10246,24.49825],[121.10533,24.50061],[121.10918,24.50119],[121.11334,24.50647],[121.11732,24.50846],[121.12073,24.50836],[121.1237,24.51008],[121.12562,24.50838],[121.12745,24.50826],[121.13,24.50665],[121.137,24.50665],[121.14503,24.51192],[121.1457,24.51017],[121.15059,24.50609],[121.15449,24.50682],[121.16192,24.50349],[121.16434,24.50356],[121.16914,24.50259],[121.17058,24.50412],[121.17435,24.50476],[121.17792,24.50765],[121.18287,24.50799],[121.18678,24.50538],[121.19176,24.50748],[121.19529,24.50704],[121.19807,24.50884],[121.20052,24.51146],[121.20319,24.51251],[121.20697,24.51286],[121.20994,24.51163],[121.21398,24.51478],[121.21654,24.51521],[121.21758,24.51404],[121.21737,24.50988],[121.22214,24.50751],[121.22209,24.50504],[121.21867,24.49826],[121.22351,24.49439],[121.22862,24.49249],[121.23055,24.48855],[121.23465,24.48774],[121.23464,24.48384],[121.24229,24.47848],[121.24398,24.47556],[121.2444,24.47006],[121.24906,24.46601],[121.25285,24.46455],[121.25809,24.46324],[121.25814,24.45731],[121.26263,24.45513],[121.26093,24.4525],[121.26139,24.44821],[121.26088,24.44565],[121.2616,24.44403],[121.25874,24.44033],[121.25998,24.43619],[121.25963,24.43155],[121.26022,24.42901],[121.26451,24.42871],[121.2699,24.42738],[121.27134,24.42958],[121.27688,24.42925],[121.28463,24.43057],[121.29319,24.43107],[121.29468,24.43254],[121.29764,24.43309],[121.30571,24.43265],[121.31033,24.43637],[121.31385,24.43738],[121.31767,24.44149],[121.31956,24.44504],[121.32021,24.44801],[121.32198,24.45154],[121.3238,24.45672],[121.32611,24.46004],[121.32958,24.46265],[121.32986,24.46426],[121.336,24.46737],[121.33595,24.47235],[121.34007,24.47485],[121.34164,24.47802],[121.34242,24.48171],[121.34567,24.48433],[121.35003,24.48427],[121.35278,24.48549],[121.35775,24.48661],[121.3617,24.49055],[121.36282,24.49337],[121.36504,24.49585],[121.37067,24.49787],[121.37253,24.50221],[121.37335,24.5099],[121.37929,24.50953],[121.38373,24.51035],[121.38556,24.51457],[121.38512,24.51682],[121.38782,24.51725],[121.38957,24.51992],[121.39052,24.52293],[121.39187,24.52411],[121.39781,24.52491],[121.40163,24.52924],[121.39917,24.53215],[121.3983,24.5367],[121.39675,24.53982],[121.39876,24.5482],[121.39556,24.5528],[121.39468,24.55557],[121.39765,24.55967],[121.40113,24.56186],[121.40169,24.56554],[121.40393,24.56897],[121.40735,24.56987],[121.40906,24.57162],[121.41216,24.5731],[121.41215,24.57455],[121.40921,24.5812],[121.40456,24.58775],[121.40305,24.59171]]]},"properties":{"COUNTYNAME":"新竹縣","COUNTYENG":"Hsinchu County","COUNTYCODE":"10004"}}
]}